gm_status,gm_icon,gm_lat,gm_lng,gm_addr,gm_name,gm_id,gm_types,enc_str
OPERATIONAL,https://maps.gstatic.com/mapfiles/place_api/icons/v1/png_71/school-71.png,7.0510585,38.4970211,"Awassa, Äthiopien",Hawassa University,ChIJJ8qtEZNPsRcRWjRHGgEFkX0,"university,point_of_interest,establishment","Hawassa%20University%20Law%20School,%20Hawassa"
OPERATIONAL,https://maps.gstatic.com/mapfiles/place_api/icons/v1/png_71/generic_business-71.png,8.9984456,7.4711008,"Suites D1-D4, 3rd Floor AMWAR Plaza,near Gudu Market Junction Gudu District, Apo Roundabout, Garki, Abuja, Nigeria",WOMEN’S RIGHT TO EDUCATION PROGRAMME,ChIJVVVVBPIMThAR_bhTyKCGRlw,"point_of_interest,establishment","Women%E2%80%99s%20Right%20to%20Education%20Programme%20(WREP),%20Abudja"
OPERATIONAL,https://maps.gstatic.com/mapfiles/place_api/icons/v1/png_71/generic_business-71.png,5.595103000000001,-0.1843439,"Accra, Ghana",CSIR - Water Research Institute,ChIJSUcfsvma3w8RQXxNmHLiDpI,"point_of_interest,establishment","CSIR%20Water%20Research%20Institute,%20Akosombo"
OPERATIONAL,https://maps.gstatic.com/mapfiles/place_api/icons/v1/png_71/school-71.png,7.400447400000001,3.9006306,"Agodi, Ibadan, Nigeria","Oladele Ajose Building, Faculty Of Public Health",ChIJzaVH6V2NORARU9PB2beoRWM,"point_of_interest,establishment","Faculty%20of%20Public%20Health%20Department%20of%20Health%20University%20of%20Ibadan,%20Ibadan"
OPERATIONAL,https://maps.gstatic.com/mapfiles/place_api/icons/v1/png_71/school-71.png,7.6864226,-5.0667005,"BP V 18 01, Bouaké, Côte d’Ivoire",Université Alassane Ouattara,ChIJB5uTt6MAuA8RlQHyw9oUp0w,"university,point_of_interest,establishment","Universit%C3%A9%20Alassane%20Ouattara%20Bouak%C3%A9,%20Bouak%C3%A9"
OPERATIONAL,https://maps.gstatic.com/mapfiles/place_api/icons/v1/png_71/school-71.png,14.603762,-90.48924799999999,"18 Avenida 11-95 Guatemala, 01015, Guatemala",Universidad del Valle de Guatemala,ChIJb19HkamjiYUR8HVUR-FC7T0,"university,point_of_interest,establishment","Center%20for%20Health%20Studies%20CES%20Universidad%20del%20Valle%20de%20Guatemala,%20Guatemala%20City"
OPERATIONAL,https://maps.gstatic.com/mapfiles/place_api/icons/v1/png_71/school-71.png,46.9557412,7.4356334,"Mittelstrasse 43, 3012 Bern, Schweiz",Interdisziplinäres Zentrum für Geschlechterforschung,ChIJg6Qjjb45jkcR0ieyN-hOczw,"point_of_interest,establishment","Interdisziplin%C3%A4res%20Zentrum%20f%C3%BCr%20Geschlechterforschung%20(IZFG)%20Universit%C3%A4t%20Bern,%20Bern"
OPERATIONAL,https://maps.gstatic.com/mapfiles/place_api/icons/v1/png_71/generic_business-71.png,5.6352598,-0.16959369999999999,"Tripoli St, Accra, Ghana",Global Communities,ChIJY3HYdmib3w8R_aRJXEsJ86A,"point_of_interest,establishment","CHF%20International,%20Ghana,%20Legon,%20Accra"
OPERATIONAL,https://maps.gstatic.com/mapfiles/place_api/icons/v1/png_71/school-71.png,-16.504687,-68.1295342,"Edificio viejo, Planta Baja del, Av. Villazón 1995, La Paz, Bolivien",Carrera de Matematica FCPN-UMSA,ChIJMZQsHmUgX5ERNo8cB-7d2xA,"university,point_of_interest,establishment","Laboratorio%20de%20Fisica%20de%20la%20Atmosfera%20Carrera%20de%20Fisica%20Universidad%20Mayor%20de%20San%20Andres,%20La%20Paz"
OPERATIONAL,https://maps.gstatic.com/mapfiles/place_api/icons/v1/png_71/school-71.png,5.5589958,-0.1965617,"50 African Unity Circle, Accra, Ghana",African Center for Economic Transformation,ChIJq9CFKZ2Q3w8R6LPKk6NVVtk,"point_of_interest,establishment","African%20Center%20for%20Economic%20Transformation,%20Accra"
OPERATIONAL,https://maps.gstatic.com/mapfiles/place_api/icons/v1/png_71/generic_business-71.png,14.6270344,121.0607241,"ZIP 1102, #935 Aurora Boulevard, corner Pittsburgh, Quezon City, Philippinen",PhilTeq Enterprise Inc.,ChIJ_aj9z9K3lzMRYMYv6ITGN10,"point_of_interest,establishment","Juboken%20Enterprise%20Inc.,%20Quezon%20City"
OPERATIONAL,https://maps.gstatic.com/mapfiles/place_api/icons/v1/png_71/school-71.png,46.5210895,6.5801606,"1015 Lausanne, Schweiz",Université de Lausanne,ChIJubx18aoxjEcRKKylyWpyNgk,"university,point_of_interest,establishment","Institut%20de%20psychologie%20Universit%C3%A9%20de%20Lausanne,%20Lausanne"
OPERATIONAL,https://maps.gstatic.com/mapfiles/place_api/icons/v1/png_71/generic_business-71.png,47.4024413,8.498547199999999,"Regensdorferstrasse 5, 8049 Zürich, Schweiz",Biotech Concepts GmbH,ChIJExiOT6wLkEcR9IujcTwWxOA,"point_of_interest,establishment","Biotechnology%20&%20Nuclear%20Agric.%20Res%20Institute,%20Accra"
OPERATIONAL,https://maps.gstatic.com/mapfiles/place_api/icons/v1/png_71/school-71.png,46.0107081,8.9581559,"Via Giuseppe Buffi 13, 6900 Lugano, Schweiz",USI Università della Svizzera italiana,ChIJwwabNpgthEcRCUtLfZifj2E,"university,point_of_interest,establishment","Institute%20for%20Public%20Communication%20(ICP)%20Universit%C3%A0%20della%20Svizzera%20italiana,%20Lugano"
OPERATIONAL,https://maps.gstatic.com/mapfiles/place_api/icons/v1/png_71/school-71.png,46.9504896,7.438119,"Hochschulstrasse 6, 3012 Bern, Schweiz",Universität Bern,ChIJDWEotJ85jkcRRP-8NWlTN-E,"university,point_of_interest,establishment","NCCR%20North-South%20Universit%C3%A4t%20Bern,%20Bern"
OPERATIONAL,https://maps.gstatic.com/mapfiles/place_api/icons/v1/png_71/school-71.png,47.428918,8.5163478,"Reckenholzstrasse 191, 8046 Zürich, Schweiz",Eidg. Forschungsanstalt Agroscope Reckenholz-Tänikon (ART),ChIJi-EqC94KkEcR1GKO8rRappQ,"point_of_interest,establishment","Forschungsanstalt%20Agroscope%20Reckenholz-T%C3%A4nikon%20ART,%20Z%C3%BCrich"
OPERATIONAL,https://maps.gstatic.com/mapfiles/place_api/icons/v1/png_71/museum-71.png,47.370881,8.534587,"Pelikanstrasse 40, 8001 Zürich, Schweiz",Völkerkundemuseum der Universität Zürich,ChIJg5HE6QMKkEcR-m6y43Djh2w,"museum,tourist_attraction,point_of_interest,establishment","V%C3%B6lkerkundemuseum%20Universit%C3%A4t%20Z%C3%BCrich,%20Z%C3%BCrich"
CLOSED_TEMPORARILY,https://maps.gstatic.com/mapfiles/place_api/icons/v1/png_71/school-71.png,4.6381938,-74.08404639999999,"Cra 45, Bogotá, Kolumbien",Universidad Nacional de Colombia,ChIJO8FDSdGbP44RsPaffWYw5T0,"university,point_of_interest,establishment","National%20University%20of%20Colombia,%20Bogota"
OPERATIONAL,https://maps.gstatic.com/mapfiles/place_api/icons/v1/png_71/generic_business-71.png,46.1939998,6.1487304,"Rue Gabrielle-Perret-Gentil 6, 1205 Genève, Schweiz",Hug Medicine Tropicale Et Humanitaire,ChIJ_axHbtJ6jEcRobdy4NLhwgM,"hospital,health,point_of_interest,establishment","H%C3%B4pitaux%20Universitaires%20de%20Gen%C3%A8ve%20Division%20of%20Tropical%20and%20Humanitarian%20Medicine,%20Gen%C3%A8ve%204"
OPERATIONAL,https://maps.gstatic.com/mapfiles/place_api/icons/v1/png_71/school-71.png,13.7382832,100.5324698,"254 Phayathai Rd, Wang Mai, Pathum Wan District, Bangkok 10330, Thailand",Chulalongkorn Universität,ChIJP2Izriqf4jARkyA8pkMGHkI,"university,point_of_interest,establishment","Chulalongkorn%20University,%20Bangkok"
OPERATIONAL,https://maps.gstatic.com/mapfiles/place_api/icons/v1/png_71/civic_building-71.png,-1.2593453,36.7508756,"Nairobi, Kenia",Kenya Agricultural Research Institute - Headquarters,ChIJuSP-j7wZLxgRRh_H7blgeAk,"point_of_interest,establishment","Kenya%20Agricultural%20Research%20Institute%20KARI-KABETE,%20Nairobi"
OPERATIONAL,https://maps.gstatic.com/mapfiles/place_api/icons/v1/png_71/school-71.png,46.9918182,7.468039500000001,"Länggasse 85, 3052 Zollikofen, Schweiz","Berner Fachhochschule BFH, Hochschule für Agrar-, Forst- und Lebensmittelwissenschaften HAFL",ChIJDfA94XI6jkcRvxKgu1lMdHk,"university,point_of_interest,establishment","Hochschule%20f%C3%BCr%20Agrar-,%20Forst-%20und%20Lebensmittel%20Berner%20Fachhochschule,%20Zollikofen"
OPERATIONAL,https://maps.gstatic.com/mapfiles/place_api/icons/v1/png_71/school-71.png,47.37638889999999,8.547628,"Rämistrasse 101, 8092 Zürich, Schweiz",Eidgenössische Technische Hochschule Zürich,ChIJ94xuUaagmkcRB3Y3tij0YUs,"university,point_of_interest,establishment","Center%20for%20Comparative%20and%20International%20Studies%20(CIS)%20and%20Institute%20for%20Environmental%20Decisions%20(IED),%20Z%C3%BCrich"
OPERATIONAL,https://maps.gstatic.com/mapfiles/place_api/icons/v1/png_71/school-71.png,47.37638889999999,8.547628,"Rämistrasse 101, 8092 Zürich, Schweiz",Eidgenössische Technische Hochschule Zürich,ChIJ94xuUaagmkcRB3Y3tij0YUs,"university,point_of_interest,establishment","Global%20Governance%20CIS%20ETH%20Z%C3%BCrich,%20Z%C3%BCrich"
OPERATIONAL,https://maps.gstatic.com/mapfiles/place_api/icons/v1/png_71/school-71.png,46.19540019999999,6.140874500000001,"Boulevard Carl-Vogt 101, 1205 Genève, Schweiz",Département d'économie politique,ChIJ8z_LgtV6jEcRUBSzYX9t4so,"university,point_of_interest,establishment","D%C3%A9partement%20de%20science%20politique%20et%20relations%20internationales%20Universit%C3%A9%20de%20Gen%C3%A8ve,%20Gen%C3%A8ve%204"
OPERATIONAL,https://maps.gstatic.com/mapfiles/place_api/icons/v1/png_71/generic_business-71.png,51.2216391,0.3251283,"Ashes Ln, Tonbridge TN11 0AN, Grossbritannien",National Centre For Reptile Welfare,ChIJf0zUQNRJ30cRUEIXydJrHhQ,"point_of_interest,establishment","National%20Centre%20for%20Animal%20&%20P.%20Health%20CENSA,%20Havana"
OPERATIONAL,https://maps.gstatic.com/mapfiles/place_api/icons/v1/png_71/school-71.png,45.8705281,8.9790066,"Via Francesco Catenazzi 23, 6850 Mendrisio, Schweiz",SUPSI - Dipartimento ambiente costruzioni e design (DACD),ChIJeZSNvGsyhEcRTFHcyWffL0A,"university,point_of_interest,establishment","Istituto%20Scienze%20della%20Terra%20DACD%20SUPSI,%20Canobbio"
OPERATIONAL,https://maps.gstatic.com/mapfiles/place_api/icons/v1/png_71/civic_building-71.png,-16.5023763,-68.1314644,"Reyes Ortiz 41, La Paz 10993, Bolivien",National Service of Meteorology and Hydrology,ChIJC1e7q3ogX5ERvLzQdA6Tb94,"point_of_interest,establishment","Servicio%20Nacional%20de%20Meterologia%20e%20Hidrologia%20SENAMHI%20Bolivia,%20La%20Paz"
CLOSED_PERMANENTLY,https://maps.gstatic.com/mapfiles/place_api/icons/v1/png_71/school-71.png,-7.2701733,112.7866906,"Jl. Dharmahusada Permai No.1, Mulyorejo, Kec. Mulyorejo, Kota SBY, Jawa Timur 60115, Indonesien",AIRC - Universitas Airlangga,ChIJB8-TBiL61y0RPi3i9EdsrmA,"point_of_interest,establishment","Avian%20Influenza%20Research%20Center%20Universitas%20Airlangga,%20Surabaya"
OPERATIONAL,https://maps.gstatic.com/mapfiles/place_api/icons/v1/png_71/school-71.png,46.2209088,6.1436432,"Chemin Eugène-Rigot 2A, 1202 Genève, Schweiz",Hochschulinstitut für internationale Studien und Entwicklung,ChIJJ5vlO-JkjEcRuRHZyflX0XU,"university,point_of_interest,establishment","D%C3%A9partement%20de%20Relations%20internationales%20et%20Science%20politique%20IHEID,%20Graduate%20Institute,%20Gen%C3%A8ve"
OPERATIONAL,https://maps.gstatic.com/mapfiles/place_api/icons/v1/png_71/generic_business-71.png,-1.2793988,36.8105439,"P. O .Box 39493, Nairobi, Kenia",Practical Action in Eastern Africa,ChIJI2izMDMXLxgRqZJWHFi4CkU,"point_of_interest,establishment","Practical%20Action%20-%20Eastern%20Africa,%20Nairobi"
OPERATIONAL,https://maps.gstatic.com/mapfiles/place_api/icons/v1/png_71/school-71.png,27.64645,85.323476,"Lalitpur 44700, Nepal",International Centre for Integrated Mountain Development,ChIJU-cSA3AX6zkRzFidze4aHLc,"point_of_interest,establishment","ICIMOD%20International%20Centre%20for%20Integrated%20Mountain%20Development,%20Kathmandu"
NA,https://maps.gstatic.com/mapfiles/place_api/icons/v1/png_71/geocode-71.png,-33.9335226,18.6279539,"University of The Western Cape, Erica Twp, Kapstadt, Südafrika",University of The Western Cape,ChIJTTafFwlQzB0RXNg3hjlphAM,"neighborhood,political","University%20of%20the%20Western%20Cape,%20Bellville"
OPERATIONAL,https://maps.gstatic.com/mapfiles/place_api/icons/v1/png_71/generic_business-71.png,46.2242697,6.139745,"Avenue de la Paix 8, 1202 Genève, Schweiz",Recherche des Nations Unies pour le développement social,ChIJe_0MgORkjEcRG-_xidibZlk,"point_of_interest,establishment","United%20Nations%20Research%20Institute%20for%20Social%20Development%20(UNRISD),%20Gen%C3%A8ve%2010"
OPERATIONAL,https://maps.gstatic.com/mapfiles/place_api/icons/v1/png_71/school-71.png,47.37638889999999,8.547628,"Rämistrasse 101, 8092 Zürich, Schweiz",Eidgenössische Technische Hochschule Zürich,ChIJ94xuUaagmkcRB3Y3tij0YUs,"university,point_of_interest,establishment","Environmental%20Impacts%20Group,%20Energy%20Division%20Center%20for%20Information%20Management%20and%20Energy%20Developmen,%20Miramar,%20Playa"
OPERATIONAL,https://maps.gstatic.com/mapfiles/place_api/icons/v1/png_71/generic_business-71.png,46.521018,6.629367999999999,"Bâtiment Les Mercier A, Voie du Chariot 4, 1003 Lausanne, Schweiz",Unisanté I Permanence Flon,ChIJg61l7S0ujEcRr65juEO4eqo,"health,point_of_interest,establishment","Unisant%C3%A9%20-%20Center%20for%20Primary%20Care%20and%20Public%20Health%20-%20Dept%20of%20Family%20Medicine%20University%20of%20Lausanne,%20Lausanne"
OPERATIONAL,https://maps.gstatic.com/mapfiles/place_api/icons/v1/png_71/school-71.png,-25.9521498,32.6035601,"3453 Avenida Julius Nyerere, Maputo, Mosambik",Eduardo-Mondlane-Universität,ChIJjxp_uU6a5h4Rc0ha9QYLdKI,"university,point_of_interest,establishment","Eduardo%20Mondlane%20University%20Faculty%20of%20Medicine,%20Maputo"
OPERATIONAL,https://maps.gstatic.com/mapfiles/place_api/icons/v1/png_71/school-71.png,46.0300213,8.9205513,"Via Cantonale 16E, 6928 Manno, Schweiz","SUPSI - Dipartimento economia aziendale, sanità e sociale (DEASS) - Palazzo E",ChIJR0n3vpUyhEcRsY_Wk8B0Gs0,"university,point_of_interest,establishment","Dipartimento%20economia%20aziendale,%20sanit%C3%A0%20e%20sociale%20(DEASS)%20SUPSI,%20Manno"
OPERATIONAL,https://maps.gstatic.com/mapfiles/place_api/icons/v1/png_71/generic_business-71.png,47.55592780000001,7.577431699999999,"Socinstrasse 57, 4051 Basel, Schweiz",Schweizerisches Tropen- und Public Health-Institut,ChIJMQKj8wC5kUcRjBRGaJHolw0,"health,point_of_interest,establishment","Schweizerisches%20Tropen-%20und%20Public%20Health-Institut,%20Basel"
OPERATIONAL,https://maps.gstatic.com/mapfiles/place_api/icons/v1/png_71/school-71.png,46.1757046,6.1390892,"Campus Battelle, Rue de la Tambourine 17, 1227 Carouge, Schweiz",Geneva School of Business Administration,ChIJLRpD2uB6jEcR4iK7T6ydYt4,"university,point_of_interest,establishment","Haute%20Ecole%20de%20Gestion%20de%20Geneve%20HES-SO,%20Carouge"
OPERATIONAL,https://maps.gstatic.com/mapfiles/place_api/icons/v1/png_71/school-71.png,46.9557933,7.4356788,"Mittelstrasse 43, 3012 Bern, Schweiz",Centre for Development and Environment,ChIJVT-GkL05jkcRBVnXQeFm02E,"university,point_of_interest,establishment","Centre%20for%20Development%20and%20Environment%20(CDE)%20Universit%C3%A4t%20Bern,%20Bern"
OPERATIONAL,https://maps.gstatic.com/mapfiles/place_api/icons/v1/png_71/generic_business-71.png,43.0746139,-89.4276171,"1 Gifford Pinchot Dr, Madison, WI 53726, Vereinigte Staaten",USDA Forest Products Laboratory,ChIJse51EO2sB4gRLyb8SZW41OU,"point_of_interest,establishment","Forest%20Products%20Research%20&%20Development%20Inst.%20Chemistry%20and%20Biotechnology%20Section,%20Laguna"
OPERATIONAL,https://maps.gstatic.com/mapfiles/place_api/icons/v1/png_71/school-71.png,16.0626374,-16.4258643,"Université Gaston berger, Dakar, Senegal",Gaston Berger University,ChIJH_TknLpQlQ4R0kTHernFtCE,"university,point_of_interest,establishment","Section%20de%20Sociologie%20UFR%20de%20Lettres%20et%20Sciences%20Humaines%20Universit%C3%A9%20Gaston%20Berger,%20St.%20Louis"
OPERATIONAL,https://maps.gstatic.com/mapfiles/place_api/icons/v1/png_71/school-71.png,10.8507786,106.7718784,"1 Võ Văn Ngân, Linh Chiểu, Thủ Đức, Thành phố Hồ Chí Minh 700000, Vietnam",Ho Chi Minh City University of Technology and Education,ChIJEePlmbsndTERaR6VvasIlys,"university,point_of_interest,establishment","Ho%20Chi%20Minh%20University%20of%20Education%20and%20Technology,%20Ho%20Chi%20Minh%20City"
OPERATIONAL,https://maps.gstatic.com/mapfiles/place_api/icons/v1/png_71/school-71.png,46.2209088,6.1436432,"Chemin Eugène-Rigot 2A, 1202 Genève, Schweiz",Hochschulinstitut für internationale Studien und Entwicklung,ChIJJ5vlO-JkjEcRuRHZyflX0XU,"university,point_of_interest,establishment","Institut%20de%20Hautes%20Etudes%20Internationales%20et%20du%20D%C3%A9veloppement,%20Gen%C3%A8ve%2021"
OPERATIONAL,https://maps.gstatic.com/mapfiles/place_api/icons/v1/png_71/school-71.png,46.9504896,7.438119,"Hochschulstrasse 6, 3012 Bern, Schweiz",Universität Bern,ChIJDWEotJ85jkcRRP-8NWlTN-E,"university,point_of_interest,establishment","Zentrum%20f%C3%BCr%20Entwicklung%20und%20Umwelt%20Universit%C3%A4t%20Bern,%20Bern"
OPERATIONAL,https://maps.gstatic.com/mapfiles/place_api/icons/v1/png_71/school-71.png,11.5773061,104.8936949,"56 St 315, Phnom Penh, Kambodscha",Cambodia Development Resource Institute,ChIJ-XexkndRCTERudyDFjFpnHo,"point_of_interest,establishment","CDRI,%20Cambodia,%20Phnom%20Penh"
OPERATIONAL,https://maps.gstatic.com/mapfiles/place_api/icons/v1/png_71/school-71.png,1.299104,103.7708718,"1 Engineering Drive 2, #07-03 E1A, Singapur 117576",NUS Civil and Environmental Engineering,ChIJjW8OXvca2jERLDuB8HAC6ts,"point_of_interest,establishment","Department%20of%20Civil%20Engineering%20National%20University%20Singapore,%20Singapore"
OPERATIONAL,https://maps.gstatic.com/mapfiles/place_api/icons/v1/png_71/school-71.png,6.9016603,79.8627581,"Reid Avenue, Philip Gunewardena Mawatha, Colombo, Sri Lanka","Faculty of Arts, University of Colombo",ChIJf19eL2NZ4joRU13iWqE5P24,"university,point_of_interest,establishment","Department%20of%20Sociology%20Faculty%20of%20Arts%20University%20of%20Colombo,%20Colombo"
OPERATIONAL,https://maps.gstatic.com/mapfiles/place_api/icons/v1/png_71/school-71.png,34.7360653,10.7428075,"Université de Route de l'Aéroport Km 0.5 BP 1169 .3029 Sfax Sfax, 3029, Tunesien",University of Sfax,ChIJgYYMf9IsABMRKoWAup11PQY,"university,point_of_interest,establishment","Laboratory%20of%20Plant%20Protection%20and%20Improveme%20Institute%20of%20Biotechnology%20of%20Sfax%20University%20of%20Sfax,%20Sfax"
OPERATIONAL,https://maps.gstatic.com/mapfiles/place_api/icons/v1/png_71/school-71.png,5.330576,-4.128086,Côte d’Ivoire,Center Swiss Research Scientifiques En Côte D'ivoire,ChIJPbDEABnBwQ8RQGGIeGJgdm8,"point_of_interest,establishment","Centre%20Suisse%20de%20Recherche%20Scientifique,%20Abidjan"
OPERATIONAL,https://maps.gstatic.com/mapfiles/place_api/icons/v1/png_71/school-71.png,46.035764,8.926701999999999,"Via Violino 11, 6928 Manno, Schweiz","SUPSI - Dipartimento economia aziendale, sanità e sociale (DEASS) - Stabile Piazzetta",ChIJJ9F3eOwyhEcR-05zdzu4yKs,"university,point_of_interest,establishment","2rLAB%20DEASS%20SUPSI,%20Manno"
OPERATIONAL,https://maps.gstatic.com/mapfiles/place_api/icons/v1/png_71/generic_business-71.png,43.0746139,-89.4276171,"1 Gifford Pinchot Dr, Madison, WI 53726, Vereinigte Staaten",USDA Forest Products Laboratory,ChIJse51EO2sB4gRLyb8SZW41OU,"point_of_interest,establishment","Forest%20Products%20Research%20&%20Development%20Inst.%20Wood%20Preservation%20Division,%20Laguna"
OPERATIONAL,https://maps.gstatic.com/mapfiles/place_api/icons/v1/png_71/school-71.png,47.37638889999999,8.547628,"Rämistrasse 101, 8092 Zürich, Schweiz",Eidgenössische Technische Hochschule Zürich,ChIJ94xuUaagmkcRB3Y3tij0YUs,"university,point_of_interest,establishment","Nepal%20Centre%20for%20Contemporary%20Research%20NCCR,%20Kathmandu"
OPERATIONAL,https://maps.gstatic.com/mapfiles/place_api/icons/v1/png_71/school-71.png,46.5190557,6.5667576,"Route Cantonale, 1015 Lausanne, Schweiz",École Polytechnique Fédérale de Lausanne,ChIJP6Ls3f0wjEcRcrKTf6s0zLs,"university,point_of_interest,establishment","Groupe%20des%20proc%C3%A9d%C3%A9s%20avanc%C3%A9s%20d'oxydation%20GPAO%20EPFL%20-%20SB%20-%20ISIC%20-%20GPAO,%20Lausanne"
OPERATIONAL,https://maps.gstatic.com/mapfiles/place_api/icons/v1/png_71/school-71.png,46.2209088,6.1436432,"Chemin Eugène-Rigot 2A, 1202 Genève, Schweiz",Hochschulinstitut für internationale Studien und Entwicklung,ChIJJ5vlO-JkjEcRuRHZyflX0XU,"university,point_of_interest,establishment","Anthropology%20and%20Sociology%20Department%20Graduate%20Institute%20IHEID,%20Gen%C3%A8ve"
OPERATIONAL,https://maps.gstatic.com/mapfiles/place_api/icons/v1/png_71/school-71.png,47.37638889999999,8.547628,"Rämistrasse 101, 8092 Zürich, Schweiz",Eidgenössische Technische Hochschule Zürich,ChIJ94xuUaagmkcRB3Y3tij0YUs,"university,point_of_interest,establishment","Institut%20f%C3%BCr%20Geophysik%20ETH%20Z%C3%BCrich,%20Z%C3%BCrich"
OPERATIONAL,https://maps.gstatic.com/mapfiles/place_api/icons/v1/png_71/school-71.png,46.9918182,7.468039500000001,"Länggasse 85, 3052 Zollikofen, Schweiz","Berner Fachhochschule BFH, Hochschule für Agrar-, Forst- und Lebensmittelwissenschaften HAFL",ChIJDfA94XI6jkcRvxKgu1lMdHk,"university,point_of_interest,establishment","Hochschule%20f%C3%BCr%20Agrar-,%20Forst-%20und%20Lebensmittelwissenschaften%20HAFL%20Berner%20Fachhochschule%20BFH,%20Zollikofen"
OPERATIONAL,https://maps.gstatic.com/mapfiles/place_api/icons/v1/png_71/school-71.png,47.5458483,7.5949985,"Peter Merian-Strasse 86, 4052 Basel, Schweiz",Hochschule für Wirtschaft,ChIJj-1vS0m4kUcRdigyz4o_V8M,"university,point_of_interest,establishment","Hochschule%20f%C3%BCr%20Wirtschaft%20Fachhochschule%20Nordwestschweiz,%20Basel"
OPERATIONAL,https://maps.gstatic.com/mapfiles/place_api/icons/v1/png_71/generic_business-71.png,-24.6672259,25.9270328,"Unnamed Road, Gaborone, Botswana",Greater gaborone district health management team,ChIJ9ajErBxbux4RLvv6F2RLxIU,"health,point_of_interest,establishment","District%20Health%20Management%20Team,%20Butha-Buthe"
OPERATIONAL,https://maps.gstatic.com/mapfiles/place_api/icons/v1/png_71/generic_business-71.png,5.6081786,-0.1885578,"North Airport Residential Area,, 95 Nortei Ababio Loop, Accra, Ghana",Ghana Center for Democratic Development (CDD-Ghana),ChIJl95bYqmb3w8Rioi4qMfBnhI,"point_of_interest,establishment","Ghana%20Center%20for%20Democratic%20Development,%20Legon%20Accra"
OPERATIONAL,https://maps.gstatic.com/mapfiles/place_api/icons/v1/png_71/school-71.png,46.9521621,7.434993599999999,"Hallerstrasse 6, 3012 Bern, Schweiz",World Trade Institute,ChIJ6-Ptor05jkcRY2GiegM-zXk,"university,point_of_interest,establishment","World%20Trade%20Institute%20Centre%20for%20Development%20and%20Environment%20(CDE)%20Universit%C3%A4t%20Bern,%20Bern"
OPERATIONAL,https://maps.gstatic.com/mapfiles/place_api/icons/v1/png_71/school-71.png,31.6490864,-8.0154408,"Boulevard Prince Moulay Abdellah, Marrakech 40000, Marokko","Central Library, Faculty of Science Semlalia",ChIJtSY8ZZ3urw0RZN0J9eP1z0k,"library,university,point_of_interest,establishment","Faculty%20of%20Sciences%20Semlalia%20University%20Cadi%20Ayyad,%20Marrakech"
OPERATIONAL,https://maps.gstatic.com/mapfiles/place_api/icons/v1/png_71/school-71.png,46.2209088,6.1436432,"Chemin Eugène-Rigot 2A, 1202 Genève, Schweiz",Hochschulinstitut für internationale Studien und Entwicklung,ChIJJ5vlO-JkjEcRuRHZyflX0XU,"university,point_of_interest,establishment","Institut%20de%20hautes%20%C3%A9tudes%20Internationales%20et%20du%20D%C3%A9veloppement,%20Gen%C3%A8ve"
OPERATIONAL,https://maps.gstatic.com/mapfiles/place_api/icons/v1/png_71/school-71.png,46.9543207,7.430421799999999,"Länggassstrasse 49, 3012 Bern, Schweiz",Philosophisch-historische Fakultät,ChIJTU6Scpg5jkcRjBD5c3QSJSo,"point_of_interest,establishment","Institut%20f%C3%BCr%20Sozialanthropologie%20Philosophisch-historische%20Fakult%C3%A4t%20Universit%C3%A4t%20Bern,%20Bern"
OPERATIONAL,https://maps.gstatic.com/mapfiles/place_api/icons/v1/png_71/school-71.png,47.3803892,8.5445045,"Haldeneggsteig 4, 8092 Zürich, Schweiz","Departement Geistes-, Sozial- und Staatswissenschaften",ChIJ9fVz4gkKkEcRt2TKOQ1r3w4,"point_of_interest,establishment","Departement%20Geistes-,%20Sozial-%20und%20Staatswissenschaften%20(D-GESS)%20ETH%20Z%C3%BCrich,%20Z%C3%BCrich"
OPERATIONAL,https://maps.gstatic.com/mapfiles/place_api/icons/v1/png_71/school-71.png,-18.914032,47.55181169999999,"Présidence de l'Université d'Antananarivo: BP 566 Antananarivo, 101, Madagaskar",Université d’Antananarivo,ChIJt35a54h98CERPMREKzyK8Lw,"university,point_of_interest,establishment","University%20of%20Antananarivo,%20Antananarivo"
OPERATIONAL,https://maps.gstatic.com/mapfiles/place_api/icons/v1/png_71/generic_business-71.png,12.3792999,-1.4864963,"Rue Zangoeg-Pelgo, Zogona, Ouagadougou, Burkina Faso",Laboratoire Citoyennetés,ChIJ9Qn3KFe-Lg4RpW74Rqq9FiI,"point_of_interest,establishment","Laboratoire%20Citoyennet%C3%A9s,%20Ouagadougou"
OPERATIONAL,https://maps.gstatic.com/mapfiles/place_api/icons/v1/png_71/generic_business-71.png,47.55592780000001,7.577431699999999,"Socinstrasse 57, 4051 Basel, Schweiz",Schweizerisches Tropen- und Public Health-Institut,ChIJMQKj8wC5kUcRjBRGaJHolw0,"health,point_of_interest,establishment","Swiss%20Tropical%20and%20Public%20Health%20Institute%20Department%20of%20Epidemiology%20and%20Public%20Health%20University%20of%20Basel,%20Basel"
OPERATIONAL,https://maps.gstatic.com/mapfiles/place_api/icons/v1/png_71/school-71.png,46.9527378,7.435243199999999,"Hallerstrasse 12, 3012 Bern, Schweiz",Geographisches Institut,ChIJQe1GkL05jkcRZqPBJdo9Gr0,"university,point_of_interest,establishment","Geographisches%20Institut%20Universit%C3%A4t%20Bern,%20Bern"
OPERATIONAL,https://maps.gstatic.com/mapfiles/place_api/icons/v1/png_71/school-71.png,46.9557933,7.4356788,"Mittelstrasse 43, 3012 Bern, Schweiz",Centre for Development and Environment,ChIJVT-GkL05jkcRBVnXQeFm02E,"university,point_of_interest,establishment","Centre%20for%20Development%20and%20Environment%20University%20of%20Bern,%20Bern"
OPERATIONAL,https://maps.gstatic.com/mapfiles/place_api/icons/v1/png_71/school-71.png,47.545881,7.5950111,"Peter Merian-Strasse 86, 4002 Basel, Schweiz",IWI Institut für Wirtschaftsinformatik FHNW,ChIJj-1vS0m4kUcRaobXzh4DyUs,"university,point_of_interest,establishment","Institut%20f%C3%BCr%20Wirtschaftsinformatik%20Fachhochschule%20Nordwestschweiz%20Hochschule%20f%C3%BCr%20Wirtschaft,%20Basel"
OPERATIONAL,https://maps.gstatic.com/mapfiles/place_api/icons/v1/png_71/hospital-71.png,26.8122418,87.26836089999999,"Buddha Road, Dharan 56700, Nepal",B.P. Koirala Institute of Health Sciences,ChIJd2wmza1B7zkRxkkYH95cyzk,"hospital,health,point_of_interest,establishment","B%20P%20Koirala%20Institute%20of%20Health%20Sciences%20School%20of%20Public%20Health%20&%20Community%20Medicine,%20Dharan"
OPERATIONAL,https://maps.gstatic.com/mapfiles/place_api/icons/v1/png_71/civic_building-71.png,-6.8152228,39.2789321,"1, Morogoro Rd, Dar es Salaam, Tansania",Dar es Salaam City Council,ChIJmUpXXqdLXBgR1yjLTA6mVnA,"point_of_interest,establishment","Dar%20es%20Salaam%20City%20Council%20City%20Medical%20Office%20Health,%20Dar%20es%20Salaam"
OPERATIONAL,https://maps.gstatic.com/mapfiles/place_api/icons/v1/png_71/school-71.png,-7.767026299999999,110.3810022,"Universitas Gadjah Mada Jl. Agro, Bulaksumur No.1, Kocoran, Caturtunggal, Kec. Depok, Kabupaten Sleman, Daerah Istimewa Yogyakarta 55281, Indonesien",Faculty of Forestry UGM,ChIJh82tA7NZei4RwdB9rRNQ-xs,"point_of_interest,establishment","Faculty%20of%20Forestry%20Universitas%20Gadjah%20Mada,%20Bulaksumur,%20Yogyakarta"
OPERATIONAL,https://maps.gstatic.com/mapfiles/place_api/icons/v1/png_71/school-71.png,0.3335304,32.5675046,"University Rd, Kampala, Uganda",Makerere-Universität,ChIJ703liG27fRcRnQgL4fv8xt0,"university,point_of_interest,establishment","Makerere%20University,%20Makerere%20Main%20Campus"
OPERATIONAL,https://maps.gstatic.com/mapfiles/place_api/icons/v1/png_71/generic_business-71.png,46.947057,7.4366015,"Haus der Akademien, Laupenstrasse 7, 3008 Bern, Schweiz",SCNAT | Akademie der Naturwissenschaften | Académie des sciences nat. | Accademia di scienze nat.,ChIJLXBIZrk5jkcRbN44WvYjJFI,"point_of_interest,establishment","Akademie%20der%20Naturwissenschaften%20Schweiz%20SCNAT,%20Bern"
OPERATIONAL,https://maps.gstatic.com/mapfiles/place_api/icons/v1/png_71/hospital-71.png,46.9470528,7.4257951,"Freiburgstrasse 15, 3010 Bern, Schweiz","Universitätsklinik für Kinderchirurgie und Kinderheilkunde, Inselspital Bern",ChIJneO1zKU5jkcRPLKXGTPL0iI,"hospital,health,point_of_interest,establishment","Klinik%20und%20Poliklinik%20f%C3%BCr%20Kinderheilkunde%20Medizinische%20Universit%C3%A4ts-Kinderklinik%20Inselspital,%20Bern"
OPERATIONAL,https://maps.gstatic.com/mapfiles/place_api/icons/v1/png_71/school-71.png,47.37638889999999,8.547628,"Rämistrasse 101, 8092 Zürich, Schweiz",Eidgenössische Technische Hochschule Zürich,ChIJ94xuUaagmkcRB3Y3tij0YUs,"university,point_of_interest,establishment","Research%20Division%20Education%20Systems%20Swiss%20Economic%20Institute%20Swiss%20Federal%20Institute%20for%20Technology%20ETH,%20Z%C3%BCrich"
OPERATIONAL,https://maps.gstatic.com/mapfiles/place_api/icons/v1/png_71/generic_business-71.png,46.1995028,6.147708700000001,"Rue Jean-Daniel-Colladon 2, 1204 Genève, Schweiz",Institut européen de l'Université de Genève,ChIJSwS48CxljEcRnc4LhiRp-g8,"university,point_of_interest,establishment","Global%20Studies%20Institute%20Universit%C3%A9%20de%20Gen%C3%A8ve,%20Gen%C3%A8ve"
OPERATIONAL,https://maps.gstatic.com/mapfiles/place_api/icons/v1/png_71/school-71.png,47.37638889999999,8.547628,"Rämistrasse 101, 8092 Zürich, Schweiz",Eidgenössische Technische Hochschule Zürich,ChIJ94xuUaagmkcRB3Y3tij0YUs,"university,point_of_interest,establishment","Group%20of%20Plant%20Nutrition%20Institute%20of%20Agricultural%20Sciences%20ETH%20Zurich,%20Lindau"
OPERATIONAL,https://maps.gstatic.com/mapfiles/place_api/icons/v1/png_71/school-71.png,46.199444,6.1451157,"1205 Geneva, Schweiz",Université de Genève,ChIJ3yKsR1FkjEcRIpuYmmtbIq0,"university,point_of_interest,establishment","Universit%C3%A9%20de%20Gen%C3%A8ve,%20Gen%C3%A8ve"
OPERATIONAL,https://maps.gstatic.com/mapfiles/place_api/icons/v1/png_71/generic_business-71.png,-5.1564005,145.7946165,"North Coast Road, Nagada Harbour, Madang, Papua-Neuguinea",New Guinea Binatang Research Centre,ChIJzWtxxYfp9WgRGNkb54UpLhA,"point_of_interest,establishment","Papua%20New%20Guinea%20PNG%20Institute%20of%20Medical%20Researh,%20Madang"
OPERATIONAL,https://maps.gstatic.com/mapfiles/place_api/icons/v1/png_71/generic_business-71.png,-12.0791452,-77.0427131,"Jirón Cahuide 721, Jesús María 15072, Peru",SENAMHI,ChIJeT3HwvDIBZERxBAZZJEr1PE,"point_of_interest,establishment","Servicio%20Nacional%20de%20Meterologia%20e%20Hidrologia%20del%20Peru%20SENAMHI,%20Lima"
OPERATIONAL,https://maps.gstatic.com/mapfiles/place_api/icons/v1/png_71/school-71.png,-33.9321854,18.8633889,"Natural Sciences, Merriman Ave, Stellenbosch Central, Stellenbosch, 7600, Südafrika",University of Stellenbosch - Department of Botany & Zoology,ChIJEZJ7CWiyzR0RE_cTZU_SNvA,"university,point_of_interest,establishment","Centre%20for%20Invasion%20Biology%20Botany%20and%20Zoology%20Stellenbosch%20University,%20Stellenbosch"
OPERATIONAL,https://maps.gstatic.com/mapfiles/place_api/icons/v1/png_71/generic_business-71.png,47.5545596,7.5848767,"Steinengraben 22, 4051 Basel, Schweiz",swisspeace Schweizerische Friedensstiftung,ChIJZYQeCcI5jkcRgceQgBDZKXE,"point_of_interest,establishment","Swiss%20Peace%20Foundation%20-%20swisspeace,%20Bern"
OPERATIONAL,https://maps.gstatic.com/mapfiles/place_api/icons/v1/png_71/generic_business-71.png,-8.1461592,36.6829205,"Off Mlabani Passage, P. O. Box 53, Ifakara, Tansania",Ifakara Health Institute,ChIJL5b3JTKyVxgRThY8MUscT60,"health,point_of_interest,establishment","Ifakara%20Health%20Institute%20Department%20of%20Environmental%20Health%20and%20Ecological%20Sciences,%20Ifakara"
OPERATIONAL,https://maps.gstatic.com/mapfiles/place_api/icons/v1/png_71/school-71.png,46.5190557,6.5667576,"Route Cantonale, 1015 Lausanne, Schweiz",École Polytechnique Fédérale de Lausanne,ChIJP6Ls3f0wjEcRcrKTf6s0zLs,"university,point_of_interest,establishment","Laboratoire%20de%20syst%C3%A8mes%20d'information%20g%C3%A9ographique%20EPFL%20-%20ENAC%20-%20IIE%20-%20LASIG,%20Lausanne"
NA,https://maps.gstatic.com/mapfiles/place_api/icons/v1/png_71/school-71.png,6.79667,79.9005901,"Department of Town & Country Planning, Moratuwa 10400, Sri Lanka",Department of Town & Country Planning,ChIJGxX3DkFF4joR2h_kRA9LUOM,"university,premise,establishment","Department%20of%20Town%20and%20Country%20Planning%20University%20of%20Moratuwa,%20Katubedda"
OPERATIONAL,https://maps.gstatic.com/mapfiles/place_api/icons/v1/png_71/school-71.png,3.843718,11.520898,"Yaounde, Kamerun",Catholic University of Central Africa,ChIJv_GEN_TPixARmmakSIW0kM4,"university,point_of_interest,establishment","IRSA%20Facult%C3%A9%20de%20Sciences%20sociales%20et%20de%20Gestion%20Catholic%20University%20of%20Central%20Africa,%20Yaound%C3%A9"
OPERATIONAL,https://maps.gstatic.com/mapfiles/place_api/icons/v1/png_71/school-71.png,-6.7659369,39.2539683,"Kiko Ave, Dar es Salaam, Tansania",Ifakara Health Institute (IHI),ChIJ6zJ8xDZMXBgR1W72AezkwIw,"point_of_interest,establishment","Ifakara%20Health%20Institute,%20Dar%20es%20Salaam"
OPERATIONAL,https://maps.gstatic.com/mapfiles/place_api/icons/v1/png_71/school-71.png,46.9557412,7.4356334,"Mittelstrasse 43, 3012 Bern, Schweiz",Interdisziplinäres Zentrum für Geschlechterforschung,ChIJg6Qjjb45jkcR0ieyN-hOczw,"point_of_interest,establishment","Interdisziplin%C3%A4res%20Zentrum%20f%C3%BCr%20Geschlechterforschung%20Universit%C3%A4t%20Bern,%20Bern"
OPERATIONAL,https://maps.gstatic.com/mapfiles/place_api/icons/v1/png_71/generic_business-71.png,47.3821698,8.5372975,"Hafnerstrasse 60, 8005 Zürich, Schweiz",Plakatservice Alive Productions GmbH,ChIJyVIKIwwKkEcRV9dlc5JN3SQ,"point_of_interest,establishment","MeteoSchweiz,%20Z%C3%BCrich"
OPERATIONAL,https://maps.gstatic.com/mapfiles/place_api/icons/v1/png_71/school-71.png,-15.4375217,28.31226,"Burma Rd, Lusaka, Sambia",University of Zambia School of Public Health,ChIJd8-w6MWMQBkR6zUPnh-qyjU,"school,point_of_interest,establishment","Department%20of%20Public%20Health%20University%20of%20Zambia,%20Lusaka"
OPERATIONAL,https://maps.gstatic.com/mapfiles/place_api/icons/v1/png_71/school-71.png,46.199444,6.1451157,"1205 Geneva, Schweiz",Université de Genève,ChIJ3yKsR1FkjEcRIpuYmmtbIq0,"university,point_of_interest,establishment","Universit%C3%A9%20de%20Gen%C3%A8ve,%20Gen%C3%A8ve%204"
OPERATIONAL,https://maps.gstatic.com/mapfiles/place_api/icons/v1/png_71/school-71.png,-12.0239773,-77.0565049,"Av. Honorio Delgado 430, San Martín de Porres 15102, Peru",Universidad Peruana Cayetano Heredia,ChIJ0ynowZKeBZER5ZfLRStoQNA,"university,point_of_interest,establishment","Universidad%20Peruana%20Cayetano%20Heredia,%20Lima"
OPERATIONAL,https://maps.gstatic.com/mapfiles/place_api/icons/v1/png_71/school-71.png,6.413005999999999,2.3450398,"Godomey, Benin",Université d'Abomey Calavi,ChIJfwKQjoGpJBARfxlYycmDgo4,"university,point_of_interest,establishment","Universit%C3%A9%20d%E2%80%99Abomey-Calavi%20Facult%C3%A9%20des%20Sciences%20Agronomiques%20Lab.%20of%20Genetics,%20Horticulture%20and%20Seed%20Sc.,%20Cotonou"
OPERATIONAL,https://maps.gstatic.com/mapfiles/place_api/icons/v1/png_71/school-71.png,-16.5047667,-68.1299168,"J.J.Perez, La Paz, Bolivien",Universidad Mayor de San Andrés,ChIJ3T15IGUgX5ERdpnGbDTf9lM,"university,point_of_interest,establishment","Universidad%20Mayor%20de%20San%20Andr%C3%A9s%20(UMSA),%20La%20Paz"
OPERATIONAL,https://maps.gstatic.com/mapfiles/place_api/icons/v1/png_71/school-71.png,4.840920199999999,31.5905049,"South Sudan Hotel Headquarters, Juba, Südsudan",Universität Juba,ChIJY6EHca-BEhcR49HUltzPrBI,"university,point_of_interest,establishment","University%20of%20Juba,%20Juba"
OPERATIONAL,https://maps.gstatic.com/mapfiles/place_api/icons/v1/png_71/school-71.png,-6.852747,37.6586405,"College of Forestry, Wildlife and Tourism, TZ, 3009, Tansania","College of Forestry, Wildlife and Tourism",ChIJgaTVe9ddWhgRwF2Mpf-EroY,"university,school,point_of_interest,establishment","Department%20of%20Ecosystems%20and%20Conservation%20College%20of%20Forestry,%20Wildlife%20and%20Tourism%20Sokoine%20University%20of%20Agriculture,%20Morogoro"
OPERATIONAL,https://maps.gstatic.com/mapfiles/place_api/icons/v1/png_71/generic_business-71.png,-15.4314615,28.3138356,"Adult Infectious Disease Centre, Lusaka 10101, Sambia",African Centre of Excellence for Women's Cancer Control,ChIJ-04EgceMQBkROFZBSsu-MYc,"health,point_of_interest,establishment","Cervical%20Cancer%20Prevention%20Program%20in%20Zambia%20Women%20and%20Newborn%20Hospital%20University%20of%20Zambia,%20Lusaka"
CLOSED_TEMPORARILY,https://maps.gstatic.com/mapfiles/place_api/icons/v1/png_71/school-71.png,19.1334302,72.9132679,"Main Gate Rd, IIT Area, Powai, Mumbai, Maharashtra 400076, Indien",Indian Institute of Technology Bombay,ChIJOcDvifHH5zsRTonFxaTO_Wg,"university,point_of_interest,establishment","Indian%20Institute%20of%20Technology%20Bombay,%20Mumbai"
OPERATIONAL,https://maps.gstatic.com/mapfiles/place_api/icons/v1/png_71/school-71.png,31.9591925,35.1820071,"West bank, Palestine, Birzeit",Birzeit University,ChIJd1FQ9kUqHRURYNn30kByzFk,"university,point_of_interest,establishment","Department%20of%20social%20and%20behavioral%20science%20Faculty%20of%20Arts%20Birzeit%20University,%20Birzeit"
OPERATIONAL,https://maps.gstatic.com/mapfiles/place_api/icons/v1/png_71/school-71.png,3.9637335,11.5866291,"Soa, Kamerun",Universität Yaoundé II,ChIJyQ0VgBPHixARzl3n0_vrHbc,"university,point_of_interest,establishment","Group%20of%20Administrative,%20Political%20and%20Social%20Research%20University%20of%20Yaound%C3%A9%20II,%20Yaounde"
OPERATIONAL,https://maps.gstatic.com/mapfiles/place_api/icons/v1/png_71/generic_business-71.png,3.888065999999999,11.5098095,"Yaounde, Kamerun",WWF Bastos,ChIJyQZ1d0LPixARTyicYsa7bHw,"point_of_interest,establishment","WWF%20Cameroon%20Programme%20Office%20Immeuble%20Panda,%20Yaound%C3%A9"
OPERATIONAL,https://maps.gstatic.com/mapfiles/place_api/icons/v1/png_71/generic_business-71.png,47.55592780000001,7.577431699999999,"Socinstrasse 57, 4051 Basel, Schweiz",Schweizerisches Tropen- und Public Health-Institut,ChIJMQKj8wC5kUcRjBRGaJHolw0,"health,point_of_interest,establishment","Swiss%20Tropical%20and%20Public%20Health%20Institute,%20Basel"
OPERATIONAL,https://maps.gstatic.com/mapfiles/place_api/icons/v1/png_71/school-71.png,5.651063199999999,-0.1874492,"Accra, Ghana",Department Of Economics,ChIJRX9l_X2c3w8R4lGpdqQrskI,"point_of_interest,establishment","Department%20of%20Economics%20University%20of%20Ghana,%20Accra"
OPERATIONAL,https://maps.gstatic.com/mapfiles/place_api/icons/v1/png_71/generic_business-71.png,-8.1461592,36.6829205,"Off Mlabani Passage, P. O. Box 53, Ifakara, Tansania",Ifakara Health Institute,ChIJL5b3JTKyVxgRThY8MUscT60,"health,point_of_interest,establishment","Ifakara%20Health%20Institute%20(IHI),%20Ifakara,%20Morogoro"
OPERATIONAL,https://maps.gstatic.com/mapfiles/place_api/icons/v1/png_71/generic_business-71.png,6.438167,7.506223200000001,"2 Chaka Cres, Ogui, Enugu, Nigeria",Women's International League For Peace and Freedom Nigeria,ChIJ5xcx0eGjRBARAfXSipnjxkk,"point_of_interest,establishment","WILPF%20Nigeria,%20Enugu"
OPERATIONAL,https://maps.gstatic.com/mapfiles/place_api/icons/v1/png_71/school-71.png,5.3470499,-3.985291599999999,"Abidjan, Côte d’Ivoire",Universität Félix Houphouët-Boigny,ChIJ70OV94HswQ8RLEA3OjMOlR0,"university,point_of_interest,establishment","Universit%C3%A9%20de%20Cocody,%20Abidjan"
OPERATIONAL,https://maps.gstatic.com/mapfiles/place_api/icons/v1/png_71/school-71.png,47.886605,106.909373,"Khoroo 11, Ulaanbaatar, Ulaanbaatar 17024, Mongolei",Mongolian University of Life Sciences,ChIJm7DDM8CTll0R9VoKKag-09I,"university,point_of_interest,establishment","Laboratory%20of%20Ecological%20Chemistry%20Inst.%20of%20Chemistry%20and%20Chemical%20Technology%20Mongolian%20Academy%20of%20Sciences,%20Ulaanbaatar"
OPERATIONAL,https://maps.gstatic.com/mapfiles/place_api/icons/v1/png_71/school-71.png,-6.552355599999999,106.7529327,"Jl. Raya Cifor, RT.03/RW.05, Situgede, Kec. Bogor Bar., Kota Bogor, Jawa Barat 16115, Indonesien",CIFOR (Center for International Forestry Research),ChIJG4ExhZDEaS4RpchmvndiPOA,"point_of_interest,establishment","Forests%20and%20Governance%20Programme%20Center%20for%20International%20Forestry%20Research,%20Bogor"
OPERATIONAL,https://maps.gstatic.com/mapfiles/place_api/icons/v1/png_71/school-71.png,14.603762,-90.48924799999999,"18 Avenida 11-95 Guatemala, 01015, Guatemala",Universidad del Valle de Guatemala,ChIJb19HkamjiYUR8HVUR-FC7T0,"university,point_of_interest,establishment","Universidad%20del%20Valle%20de%20Guatemala,%20Guatemala%20City"
OPERATIONAL,https://maps.gstatic.com/mapfiles/place_api/icons/v1/png_71/school-71.png,6.993070299999999,121.9278969,"San Ramon, Zamboanga City, Zamboanga del Sur, Philippinen",Philippine Coconut Authority - Zamboanga Research Center,ChIJD04gR0g5UDIREm7UOT-qKQ0,"point_of_interest,establishment","Philippine%20Coconut%20Autority%20Non-Food%20Products%20Development%20Division%20Zamboanga%20Research%20Center,%20Zamboanga%20City"
OPERATIONAL,https://maps.gstatic.com/mapfiles/place_api/icons/v1/png_71/generic_business-71.png,22.818856,-81.0136399,"Central España Republicana, CP 44280, Kuba",Estación Experimental de Pastos y Forrajes Indio Hatuey,ChIJG9Z0Cwlp04gRzv4q4MKDz3I,"point_of_interest,establishment","Estacion%20Experimental%20de%20Pastos%20Indio%20Hatuey,%20Havana"
OPERATIONAL,https://maps.gstatic.com/mapfiles/place_api/icons/v1/png_71/school-71.png,22.9984812,-82.14880939999999,Kuba,Agrarian University of Havana,ChIJhwQTvUqD0ogRQPgq2I_TqXg,"university,point_of_interest,establishment","Agrarian%20University%20of%20Havana,%20San%20Jos%C3%A9%20de%20las%20Lajas"
OPERATIONAL,https://maps.gstatic.com/mapfiles/place_api/icons/v1/png_71/school-71.png,-12.0239773,-77.0565049,"Av. Honorio Delgado 430, San Martín de Porres 15102, Peru",Universidad Peruana Cayetano Heredia,ChIJ0ynowZKeBZER5ZfLRStoQNA,"university,point_of_interest,establishment","CRONICAS%20Universidad%20Peruana%20Cayetano%20Heradia,%20Lima"
OPERATIONAL,https://maps.gstatic.com/mapfiles/place_api/icons/v1/png_71/hospital-71.png,-5.2326616,145.7936061,"Modilon Rd, Madang, Papua-Neuguinea",Modilon General Hospital,ChIJ6UnKV9Lm9WgRJ1OLJ3K7aDA,"hospital,health,point_of_interest,establishment","Modilon%20General%20Hospital,%20Madang"
OPERATIONAL,https://maps.gstatic.com/mapfiles/place_api/icons/v1/png_71/generic_business-71.png,47.5539357,7.595189099999999,"Dufourstrasse 11, 4010 Basel, Schweiz",Basel Area Business & Innovation,ChIJ39CW17K5kUcRn6r5WS_KklA,"point_of_interest,establishment","Swiss%20Educational%20Innovation%20Network%20SEIN%20Schweizerisches%20Netzwerk%20f%C3%BCr%20Bildungsinnovat,%20Basel"
OPERATIONAL,https://maps.gstatic.com/mapfiles/place_api/icons/v1/png_71/school-71.png,-6.080174599999999,145.3827238,"Homate Street, Goroka, Papua-Neuguinea",PNG Institute of Medical Research,ChIJ_ce3EJVzWGgRW-GdXqHN32A,"point_of_interest,establishment","Institute%20of%20Medical%20Research%20Papua%20New%20Guinea,%20Goroka"
OPERATIONAL,https://maps.gstatic.com/mapfiles/place_api/icons/v1/png_71/school-71.png,46.9983213,6.9408856,"Espace de l'Europe 21, 2000 Neuchâtel, Schweiz",Haute école de gestion Arc (HEG Arc),ChIJ2emhDSIKjkcReKPo2lQ3bW0,"university,point_of_interest,establishment","Haute%20%C3%A9cole%20de%20gestion%20Arc%20-%20HES-SO,%20Neuch%C3%A2tel"
OPERATIONAL,https://maps.gstatic.com/mapfiles/place_api/icons/v1/png_71/generic_business-71.png,47.9072109,106.8535115,"Ulaanbaatar, Mongolei",National Renewable Energy Centre,ChIJ7e5lfySTll0R1pM-6Zi6o4c,"point_of_interest,establishment","National%20Renewable%20Energy%20Centre,%20Ulaanbaatar"
OPERATIONAL,https://maps.gstatic.com/mapfiles/place_api/icons/v1/png_71/generic_business-71.png,-7.774246000000001,110.372984,"Universitas Gadjah Mada, JL. Sekip, No. K-9, Blimbing Sari, Caturtunggal, Kec. Depok, Kabupaten Sleman, Daerah Istimewa Yogyakarta 55281, Indonesien",Center for Security and Peace Studies,ChIJXXKMG0pYei4RgZur9rT0O5k,"point_of_interest,establishment","CENTER%20FOR%20SECURITY%20AND%20PEACE%20STUDIES%20GADJAH%20MADA%20UNIVERSITY,%20Yogyakarta"
OPERATIONAL,https://maps.gstatic.com/mapfiles/place_api/icons/v1/png_71/school-71.png,23.7345094,90.39430349999999,"2nd Floor, Social Science Building, Dhaka, Bangladesch",Department of Economics,ChIJ14Om7sG4VTcRlzsXuPwWQZc,"point_of_interest,establishment","Department%20of%20Economics%20University%20of%20Dhaka,%20Dhaka"
OPERATIONAL,https://maps.gstatic.com/mapfiles/place_api/icons/v1/png_71/civic_building-71.png,-18.9181216,47.5206647,"Antananarivo, Madagaskar",Institut National de la Statistique,ChIJJ2XcUAx-8CERqFqf9H93F5U,"point_of_interest,establishment","Institut%20National%20de%20la%20Statistique%20de%20Madagascar,%20Antananarivo"
OPERATIONAL,https://maps.gstatic.com/mapfiles/place_api/icons/v1/png_71/school-71.png,-18.9098905,47.555881,"Antananarivo, Madagaskar",Ecole Supérieure des Sciences Agronomiques,ChIJL9-YaGKH8CER-YO5ix32mr4,"university,point_of_interest,establishment","Ecole%20sup%C3%A9rieure%20de%20sciences%20agronomiques%20ESSA%20D%C3%A9partement%20Eaux%20et%20for%C3%AAts,%20Antanarivo"
OPERATIONAL,https://maps.gstatic.com/mapfiles/place_api/icons/v1/png_71/school-71.png,-26.1928836,28.0304733,"1 Jan Smuts Ave, Braamfontein, Johannesburg, 2000, Südafrika",Witwatersrand-Universität,ChIJeZ5x_rU9lR4RuvhwvtOyY50,"university,point_of_interest,establishment","School%20of%20Economic%20and%20Business%20Sciences%20University%20of%20the%20Witwatersrand,%20Johannesburg"
OPERATIONAL,https://maps.gstatic.com/mapfiles/place_api/icons/v1/png_71/civic_building-71.png,-18.9330468,47.5245536,"Rasoanaivo Cherles, Antananarivo, Madagaskar",Centre National de Recherches sur l'Environnement,ChIJSSfrsHl-8CER37AJx5diMIM,"point_of_interest,establishment","Centre%20National%20de%20Recherche%20sur%20l'Environnement%20(CNRE),%20Antananarivo"
OPERATIONAL,https://maps.gstatic.com/mapfiles/place_api/icons/v1/png_71/school-71.png,22.9913232,-82.15342509999999,"Autopista Nacional 23km 1/2, Carretera, San José de las Lajas, Kuba",National Center for Animal and Plant Health,ChIJS7XqYcmc0ogRyMNQUBvYUKQ,"point_of_interest,establishment","Centro%20Nacional%20de%20Sanidad%20Agropecuaria%20CENSA,%20Havanna"
OPERATIONAL,https://maps.gstatic.com/mapfiles/place_api/icons/v1/png_71/school-71.png,47.37638889999999,8.547628,"Rämistrasse 101, 8092 Zürich, Schweiz",Eidgenössische Technische Hochschule Zürich,ChIJ94xuUaagmkcRB3Y3tij0YUs,"university,point_of_interest,establishment","Bundesamt%20f%C3%BCr%20Meteorologie%20und%20Klimatologie%20MeteoSwiss,%20Z%C3%BCrich"
OPERATIONAL,https://maps.gstatic.com/mapfiles/place_api/icons/v1/png_71/school-71.png,-11.9952316,-77.06708619999999,"Manuel Gonzales Prada 398, Los Olivos 15301, Peru",Universidad Católica Sedes Sapientiae,ChIJpYNUm1fOBZERcqmSGdSm2xo,"university,point_of_interest,establishment","Universidad%20Catolica%20Sedes%20Sapientiae%20-%20Nopo,%20Atalaya"
OPERATIONAL,https://maps.gstatic.com/mapfiles/place_api/icons/v1/png_71/generic_business-71.png,47.55592780000001,7.577431699999999,"Socinstrasse 57, 4051 Basel, Schweiz",Schweizerisches Tropen- und Public Health-Institut,ChIJMQKj8wC5kUcRjBRGaJHolw0,"health,point_of_interest,establishment","Swiss%20Tropical%20and%20Public%20Health%20Institute%20Health%20Interventions%20Unit,%20Basel"
OPERATIONAL,https://maps.gstatic.com/mapfiles/place_api/icons/v1/png_71/school-71.png,-15.1166707,39.2081565,Mosambik,Universidade Lúrio,ChIJCQAAu0U2xhgR5zUiXVITy2M,"university,point_of_interest,establishment","Unilurio%20University%20Campus%20de%20Marrere,%20Nampula"
OPERATIONAL,https://maps.gstatic.com/mapfiles/place_api/icons/v1/png_71/school-71.png,47.3786553,8.547169799999999,"Sonneggstrasse 5, 8092 Zürich, Schweiz",Departement Erdwissenschaften,ChIJ7wS2_6agmkcRxyVCdvewGko,"point_of_interest,establishment","Departement%20Erdwissenschaften%20ETH%20Z%C3%BCrich,%20Z%C3%BCrich"
OPERATIONAL,https://maps.gstatic.com/mapfiles/place_api/icons/v1/png_71/school-71.png,47.1586997,7.2762495,"Solothurnstrasse 102, 2500 Biel, Schweiz","Berner Fachhochschule BFH, Architektur, Holz und Bau",ChIJFfpEg90ejkcRjjSH_fhkqCg,"university,point_of_interest,establishment","Architektur,%20Holz%20und%20Bau%20Berner%20Fachhochschule,%20Biel/Bienne%206"
OPERATIONAL,https://maps.gstatic.com/mapfiles/place_api/icons/v1/png_71/generic_business-71.png,46.2736212,7.385136499999999,"Rue de l'Ancienne Eglise 9, 1974 Arbaz, Schweiz",Ithaka Institut,ChIJl4S10ADejkcRljrxqsQIidk,"point_of_interest,establishment","Ithaka%20Institute%20for%20Carbon%20Strategies,%20Arbaz"
OPERATIONAL,https://maps.gstatic.com/mapfiles/place_api/icons/v1/png_71/school-71.png,47.4132178,8.548773599999999,"Andreasstrasse 15, 8050 Zürich, Schweiz",Institut für Sozialanthropologie und Empirische Kulturwissenschaft,ChIJGzIpeYMKkEcRtgNniKyn8bo,"university,point_of_interest,establishment","Ethnologisches%20Seminar%20Universit%C3%A4t%20Z%C3%BCrich,%20Z%C3%BCrich"
OPERATIONAL,https://maps.gstatic.com/mapfiles/place_api/icons/v1/png_71/school-71.png,33.5192819,73.1775169,"Toll Plaza، 1 Islamabad Highway Near Rawat، Sector H DHA Phase II, Islamabad, Islamabad Capital Territory 44000, Pakistan",Institute of Space Technology,ChIJRzKe1Aby3zgRxZL6P9lzacM,"university,point_of_interest,establishment","Institute%20of%20Space%20Technology%20Department%20of%20Space%20Science,%20Islamabad"
OPERATIONAL,https://maps.gstatic.com/mapfiles/place_api/icons/v1/png_71/generic_business-71.png,-15.4091224,28.3196763,"CIDRZ Head Office,, Lusaka, Sambia",CIDRZ Head Office Zambia,ChIJGRkbSrz0QBkREVbTZ9jZLO0,"point_of_interest,establishment","Centre%20Infectious%20Disease%20Research%20Zambia%20CIDRZ,%20Lusaka"
OPERATIONAL,https://maps.gstatic.com/mapfiles/place_api/icons/v1/png_71/school-71.png,47.37638889999999,8.547628,"Rämistrasse 101, 8092 Zürich, Schweiz",Eidgenössische Technische Hochschule Zürich,ChIJ94xuUaagmkcRB3Y3tij0YUs,"university,point_of_interest,establishment","Copperbelt%20University%20Deg%20Hammarskj%C3%B6ld%20Institute%20for%20Peace%20Studies,%20Kitwe"
OPERATIONAL,https://maps.gstatic.com/mapfiles/place_api/icons/v1/png_71/school-71.png,12.7285324,-3.8590852,"Rue Namory Kéita, Nouna, Burkina Faso",Nouna Health Research Center,ChIJq6rqH_nWNg4RRctJu9grbkw,"point_of_interest,establishment","Centre%20de%20Recherche%20en%20Sant%C3%A9%20de%20Nouna,%20Nouna,%20Kossi"
OPERATIONAL,https://maps.gstatic.com/mapfiles/place_api/icons/v1/png_71/school-71.png,46.2209088,6.1436432,"Chemin Eugène-Rigot 2A, 1202 Genève, Schweiz",Hochschulinstitut für internationale Studien und Entwicklung,ChIJJ5vlO-JkjEcRuRHZyflX0XU,"university,point_of_interest,establishment","Graduate%20Institute%20of%20International%20and%20Deve%20Global%20Health%20Programme%20Maison%20de%20la%20paix,%20Gen%C3%A8ve"
OPERATIONAL,https://maps.gstatic.com/mapfiles/place_api/icons/v1/png_71/school-71.png,47.4998714,8.7203021,"Gertrudstrasse 15, 8400 Winterthur, Schweiz",ZHAW Zürcher Hochschule für Angewandte Wissenschaften,ChIJUdaPx3CZmkcRyrYw9-bnp_k,"university,point_of_interest,establishment","Institut%20f%C3%BCr%20Angewandte%20Medienwissenschaften%20Z%C3%BCrcher%20Hochschule%20f%C3%BCr%20Angew.%20Wissenschaften,%20Winterthur"
OPERATIONAL,https://maps.gstatic.com/mapfiles/place_api/icons/v1/png_71/school-71.png,47.516939,8.025083,"Ackerstrasse 113, 5070 Frick, Schweiz",FiBL - Forschungsinstitut für biologischen Landbau,ChIJV2J9KrZHkEcRH1IKjqoKSH4,"point_of_interest,establishment","Forschungsinstitut%20f%C3%BCr%20biologischen%20Landbau%20(FiBL),%20Frick"
OPERATIONAL,https://maps.gstatic.com/mapfiles/place_api/icons/v1/png_71/school-71.png,47.516939,8.025083,"Ackerstrasse 113, 5070 Frick, Schweiz",FiBL - Forschungsinstitut für biologischen Landbau,ChIJV2J9KrZHkEcRH1IKjqoKSH4,"point_of_interest,establishment","Aquakultur%20Fachgruppe%20Tierwissenschaften%20Forschungsinstitut%20f%C3%BCr%20biologischen%20Landbau,%20Frick"
OPERATIONAL,https://maps.gstatic.com/mapfiles/place_api/icons/v1/png_71/generic_business-71.png,16.8185116,96.1952673,"23rd Quarter, Khayapin Street, Thuwunna Yangon MM 11072, Thuwunna Bridge, Yangon, Myanmar","Great Golden Glory Co.,Ltd.",ChIJWYBsXtXswTARCLcvvATeDew,"point_of_interest,establishment","Golden%20Zaneka%20Public%20Co.%20Ltd.,%20Yangon"
OPERATIONAL,https://maps.gstatic.com/mapfiles/place_api/icons/v1/png_71/school-71.png,21.023033,105.805437,"91 Chùa Láng, Láng Thượng, Đống Đa, Hà Nội, Vietnam",Foreign Trade University,ChIJCflhUV2rNTER4yviDFCvr00,"university,point_of_interest,establishment","Foreign%20Trade%20University,%20Hanoi"
OPERATIONAL,https://maps.gstatic.com/mapfiles/place_api/icons/v1/png_71/school-71.png,6.2677479,-75.5688416,"Cl. 67 ##53-108, Medellín, Antioquia, Kolumbien",Universidad de Antioquia,ChIJL3fIyeAoRI4RKy6b5uznzBA,"university,point_of_interest,establishment","Universidad%20de%20Antioquia,%20Medellin"
OPERATIONAL,https://maps.gstatic.com/mapfiles/place_api/icons/v1/png_71/school-71.png,-33.9321854,18.8633889,"Natural Sciences, Merriman Ave, Stellenbosch Central, Stellenbosch, 7600, Südafrika",University of Stellenbosch - Department of Botany & Zoology,ChIJEZJ7CWiyzR0RE_cTZU_SNvA,"university,point_of_interest,establishment","Centre%20for%20Invasion%20Biology%20Department%20of%20Botany%20and%20Zoology%20University%20of%20Stellenbosch,%20Matieland"
OPERATIONAL,https://maps.gstatic.com/mapfiles/place_api/icons/v1/png_71/school-71.png,5.3470499,-3.985291599999999,"Abidjan, Côte d’Ivoire",Universität Félix Houphouët-Boigny,ChIJ70OV94HswQ8RLEA3OjMOlR0,"university,point_of_interest,establishment","Universit%C3%A9%20Felix%20Houphouet-Boigny,%20Abidjan"
OPERATIONAL,https://maps.gstatic.com/mapfiles/place_api/icons/v1/png_71/generic_business-71.png,47.3742017,8.5228736,"Badenerstrasse 141, 8004 Zürich, Schweiz",Quantis,ChIJnYLTiQ8KkEcRDo9YMzYKgrg,"point_of_interest,establishment","Quantis%20Switzerland/Germany,%20Z%C3%BCrich"
