project_number,person_id_snsf,role,institute_name,institute_place,institute_id_p3
198887,772591,applicant,Pharmacology and Toxicology Department The German University in Cairo,Cairo,258191
147836,623720,applicant,Hawassa University Law School,Hawassa,240197
146896,112365,applicant,Ifakara Health Institute,Dar es Salaam,230492
193649,756696,partner,ECOWAS Center for Renewable Energy and Energy Efficiency (ECREEE),Praia,255913
171175,775693,employee,NA,NA,NA
171176,690464,applicant,Women’s Right to Education Programme (WREP),Abudja,247339
193649,756701,partner,"Energy Commission, Ghana",Accra,255914
147278,633463,employee,Forschungsinstitut für biologischen Landbau (FiBL),Frick,1081
152224,633463,employee,Forschungsinstitut für biologischen Landbau (FiBL),Frick,1081
177582,633463,employee,Forschungsinstitut für biologischen Landbau (FiBL),Frick,1081
152154,99871,applicant,Institut de Biologie Université de Neuchâtel,Neuchâtel,238063
177583,99871,applicant,Institut de Biologie Université de Neuchâtel,Neuchâtel,238063
147278,617322,applicant,CSIR Water Research Institute,Akosombo,239727
152017,634067,applicant,International Institute of Tropical Agricult,Ibadan,241507
177584,634067,applicant,International Institute of Tropical Agricult,Ibadan,241507
160373,623490,applicant,University of Ghana School of Public Health College of Health Sciences,Legon-Accra,240143
183760,623490,applicant,University of Ghana School of Public Health College of Health Sciences,Legon-Accra,240143
160910,662138,applicant,Faculty of Public Health Department of Health University of Ibadan,Ibadan,244432
152017,634068,applicant,Laboratory of Plant Physiology UFR BIOSCIENCES Université Felix Houphouët Boigny,Abidjan,249786
177584,634068,applicant,Laboratory of Plant Physiology UFR BIOSCIENCES Université Felix Houphouët Boigny,Abidjan,249786
160929,617276,applicant,Université Alassane Ouattara Bouaké,Bouaké,254366
152085,634461,applicant,Addis Ababa University Water and Land Resource Centre,Addis Ababa,230460
177588,634461,applicant,Addis Ababa University Water and Land Resource Centre,Addis Ababa,230460
169470,683123,applicant,"University of the Witwatersrand School of Education Centre for Researching Education and Labour,",Johannesburg,246712
194006,683123,applicant,"University of the Witwatersrand School of Education Centre for Researching Education and Labour,",Johannesburg,246712
160919,662180,applicant,Center for Health Studies CES Universidad del Valle de Guatemala,Guatemala City,244446
171191,560072,applicant,Interdisziplinäres Zentrum für Geschlechterforschung (IZFG) Universität Bern,Bern,210259
194252,759391,partner,Tea Research Institute of Sri Lanka,Talawakelle,256461
147278,617321,applicant,"CHF International, Ghana","Legon, Accra",239726
147320,617355,applicant,Laboratorio de Fisica de la Atmosfera Carrera de Fisica Universidad Mayor de San Andres,La Paz,246742
177592,715790,employee,Centre for Development and Environment University of Bern,Bern,240943
171177,623459,applicant,African Center for Economic Transformation,Accra,240131
193649,756699,partner,Accra Metropolitan Assembly,Accra,255915
147330,626803,applicant,Juboken Enterprise Inc.,Quezon City,249867
194252,759394,partner,University of Peradeniya,Peradeniya,234120
177319,731728,employee,NA,NA,NA
147330,626801,applicant,Visayas State University,Leyte,240694
177480,626801,applicant,Visayas State University,Leyte,240694
177295,738237,employee,Institut de psychologie Université de Lausanne,Lausanne,257614
147278,617319,applicant,Biotechnology & Nuclear Agric. Res Institute,Accra,239725
194093,708641,employee,Schweizer Institut für Sucht- und Gesundheitsforschung ISGF,Zürich,59659
152033,623748,employee,Zentrum für Entwicklung und Umwelt Universität Bern,Bern,230255
177585,623748,employee,Zentrum für Entwicklung und Umwelt Universität Bern,Bern,230255
193649,781655,employee,NA,NA,NA
160366,721495,employee,Institute for Public Communication (ICP) Università della Svizzera italiana,Lugano,251123
193915,721998,responsible_applicant,Institut des sciences et ingénierie chimiques EPFL - SB - ISIC,Lausanne,135442
147836,594054,applicant,Département de Sociologie Faculté des Sciences de la Société Université de Genève,Genève 4,1454
146955,651892,employee,Institut des sciences sociales Faculté des sciences sociales et politiques Université de Lausanne,Lausanne,6113
171188,651892,employee,Institut des sciences sociales Faculté des sciences sociales et politiques Université de Lausanne,Lausanne,6113
198747,759923,applicant,Medical Physics Lab National Institute of Neurology & Neurosurge INNN,MEXICO CITY,256613
152085,528222,employee,NCCR North-South Universität Bern,Bern,132490
152085,680818,employee,NA,NA,NA
152167,680818,employee,NA,NA,NA
177592,680818,employee,NA,NA,NA
146875,641072,employee,NA,NA,NA
177587,526592,applicant,Laboratoire de technologie écologique EPFL - ENAC - IIE - ECOL,Lausanne,221664
147314,637320,employee,Forschungsanstalt Agroscope Reckenholz-Tänikon ART,Zürich,90107
177474,706753,applicant,Research Center of Astronomy and Geophysics Institute of Geophysics Mongolian Academy of Sciences,Ulaanbaatar - 51,249672
193032,755420,partner,Association Happy Togo Affolternstrasse,Zürich,255827
152085,659638,employee,CABI,Delémont,107132
152154,659638,employee,CABI,Delémont,107132
177583,659638,employee,CABI,Delémont,107132
177588,659638,employee,CABI,Delémont,107132
147278,692324,employee,NA,NA,NA
147350,599962,employee,Völkerkundemuseum Universität Zürich,Zürich,6700
160914,674255,applicant,National University of Colombia,Bogota,245881
160366,542249,responsible_applicant,Hôpitaux Universitaires de Genève Division of Tropical and Humanitarian Medicine,Genève 4,243760
160919,716171,employee,Department of Epidemiology and Public Health Swiss Tropical and Public Health Institute Universität Basel,Basel,229552
177385,716171,employee,Department of Epidemiology and Public Health Swiss Tropical and Public Health Institute Universität Basel,Basel,229552
169470,694144,applicant,Ethiopian Institute of Technology Mekelle University,Mekelle,248110
194006,694144,applicant,Ethiopian Institute of Technology Mekelle University,Mekelle,248110
177385,600775,employee,Département de Psychologie Université de Fribourg,Fribourg,5530
160867,697573,employee,Chulalongkorn University,Bangkok,234054
152017,660376,employee,NA,NA,NA
177296,689414,employee,Laboratoire de recherche santé-social EESP - Lausanne HES-SO,Lausanne,252326
152033,659577,employee,Geneva Academy of International Humanitarian Law and Human Rights,Genève 21,234643
177585,659577,employee,Geneva Academy of International Humanitarian Law and Human Rights,Genève 21,234643
160897,727593,employee,NA,NA,NA
147330,608877,employee,"Berner Fachhochschule Architektur, Holz und Bau",Biel/Bienne 6,224160
177480,608877,employee,"Berner Fachhochschule Architektur, Holz und Bau",Biel/Bienne 6,224160
147725,552099,employee,Centre for Development and Environment University of Bern,Bern,240943
171191,552099,employee,Centre for Development and Environment University of Bern,Bern,240943
147725,608376,employee,Interdisziplinäres Zentrum für Geschlechterforschung (IZFG) Universität Bern,Bern,210259
152085,636151,applicant,Kenya Agricultural Research Institute KARI-KABETE,Nairobi,243041
169461,100970,applicant,University of Health and Allied Sciences,Ho,246703
194003,100970,applicant,University of Health and Allied Sciences,Ho,246703
147725,623496,applicant,CIAT International Center for Tropical Agricultur,Kigali,240145
171191,623496,applicant,CIAT International Center for Tropical Agricultur,Kigali,240145
177480,632813,applicant,"Hochschule für Agrar-, Forst- und Lebensmittel Berner Fachhochschule",Zollikofen,249685
147330,651222,employee,NA,NA,NA
177319,542103,responsible_applicant,Swiss TPH Universität Basel,Basel,253398
171175,623148,employee,Center for Comparative and International Studies (CIS) and Institute for Environmental Decisions (IED),Zürich,236544
147210,576939,employee,Département de science politique et relations internationales Université de Genève,Genève 4,233813
147210,576939,employee,Global Governance CIS ETH Zürich,Zürich,233813
160923,535553,applicant,Section des Sciences Pharmaceutiques Biopharmacie Université de Genève,Genève 4,247644
169632,683209,applicant,Departamento de Economía Facultad de Economía y Negocios Universidad Alberto Hurtado,Santiago de Chile,246772
194005,683209,applicant,Departamento de Economía Facultad de Economía y Negocios Universidad Alberto Hurtado,Santiago de Chile,246772
152034,532679,employee,Graduate Institute of International and Development Studies IHEID,Genève,244502
177591,532679,employee,Graduate Institute of International and Development Studies IHEID,Genève,244502
198887,73348,responsible_applicant,School of Pharmaceutical Sciences  University of Geneva,Genève 4,247784
160374,53410,applicant,Unisanté (Center for Primary Care and Public Dpt d'épidémiologie et services de santé Section des maladies chroniques,Lausanne,239099
183759,53410,applicant,Unisanté (Center for Primary Care and Public Dpt d'épidémiologie et services de santé Section des maladies chroniques,Lausanne,239099
177587,776386,applicant,NA,NA,NA
146777,642919,employee,NA,NA,NA
171176,642919,employee,NA,NA,NA
147320,123700,responsible_applicant,Geographisches Institut Universität Bern,Bern,1758
160897,99705,responsible_applicant,Swiss Federal Institute for Technology ETH NADEL Center for Development and Cooperation,Zürich,51863
169461,99705,applicant,Swiss Federal Institute for Technology ETH NADEL Center for Development and Cooperation,Zürich,51863
169564,99705,applicant,Swiss Federal Institute for Technology ETH NADEL Center for Development and Cooperation,Zürich,51863
194003,99705,applicant,Swiss Federal Institute for Technology ETH NADEL Center for Development and Cooperation,Zürich,51863
194008,99705,applicant,Swiss Federal Institute for Technology ETH NADEL Center for Development and Cooperation,Zürich,51863
147314,104788,responsible_applicant,Agroscope,Zürich,259342
177481,104788,responsible_applicant,Agroscope,Zürich,259342
177346,104788,applicant,Agroscope,Zürich,259342
171176,707415,employee,NA,NA,NA
169632,705787,employee,NA,NA,NA
152033,607441,applicant,Zentrum für Entwicklung und Umwelt Universität Bern,Bern,230255
169564,607441,applicant,Zentrum für Entwicklung und Umwelt Universität Bern,Bern,230255
177585,607441,applicant,Zentrum für Entwicklung und Umwelt Universität Bern,Bern,230255
194008,607441,applicant,Zentrum für Entwicklung und Umwelt Universität Bern,Bern,230255
152085,710159,employee,NA,NA,NA
152154,710159,employee,NA,NA,NA
152019,82255,applicant,Institut für Umweltingenieurwissenschaften ETH Zürich,Zürich,223117
177587,82255,applicant,Institut für Umweltingenieurwissenschaften ETH Zürich,Zürich,223117
146791,13605,responsible_applicant,NA,NA,NA
152019,13605,applicant,NA,NA,NA
177346,706777,applicant,National Centre for Animal & P. Health CENSA,Havana,249683
160906,550672,responsible_applicant,"Dipartimento Ambiente, Costruzioni e Design Scuola Universitaria Professionale della Svizzera Italiana",Mendrisio,261465
169564,572275,responsible_applicant,Graduate Institute Chemin Eugène-Rigot 2A Department of International Relations,Genève 1,244869
194008,572275,responsible_applicant,Graduate Institute Chemin Eugène-Rigot 2A Department of International Relations,Genève 1,244869
147718,644744,employee,NA,NA,NA
171177,787334,employee,NA,NA,NA
147320,626696,applicant,Servicio Nacional de Meterologia e Hidrologia SENAMHI Bolivia,La Paz,240686
147320,626695,applicant,Servicio Nacional de Meterologia e Hidrologia SENAMHI Bolivia,La Paz,240686
160366,27226,applicant,Institut de recherches sociologiques Faculté des Sciences de la Société Université de Genève,Genève 4,246267
147210,520986,responsible_applicant,Internationale Konfliktforschung ETH Zürich,Zürich,236390
171175,520986,responsible_applicant,Internationale Konfliktforschung ETH Zürich,Zürich,236390
152167,541303,employee,Institut für Raum- u. Landschaftsentwicklung ETH Zürich,Zürich,226387
177592,541303,employee,Institut für Raum- u. Landschaftsentwicklung ETH Zürich,Zürich,226387
160923,662200,applicant,Avian Influenza Research Center Universitas Airlangga,Surabaya,244453
152167,701303,applicant,National University of Laos Faculty of Social Sciences,Vientiane,240146
177592,701303,applicant,National University of Laos Faculty of Social Sciences,Vientiane,240146
160366,23677,applicant,Department of Community Health & Medicine Faculty of Medicine University of Geneva,Genève,262086
177591,641558,employee,"Gender Centre, International law department The Graduate Institute of International and Development Studies",Genève,255125
146875,617130,applicant,Practical Action - Eastern Africa,Nairobi,239633
177386,716885,applicant,ICIMOD International Centre for Integrated Mountain Development,Kathmandu,71203
194252,800565,employee,NA,NA,NA
160910,674252,applicant,University of the Western Cape,Bellville,245880
152224,645562,applicant,Department of Agricultural Economics University of Zambia,Lusaka,241606
177582,645562,applicant,Department of Agricultural Economics University of Zambia,Lusaka,241606
152085,634304,applicant,KEFRI  Kenya Forestry Research Institute (KEFRI),Nairobi,241567
177588,634304,applicant,KEFRI  Kenya Forestry Research Institute (KEFRI),Nairobi,241567
152154,634418,applicant,Department of Animal Production University of Abomey Calavi,Abomey-Calavi,241614
177583,634418,applicant,Department of Animal Production University of Abomey Calavi,Abomey-Calavi,241614
169470,707775,employee,Pädagogische Hochschule Zürich,Zürich,232714
194006,707775,employee,Pädagogische Hochschule Zürich,Zürich,232714
183759,757729,employee,NA,NA,NA
177582,749619,employee,NA,NA,NA
160914,27975,employee,Laboratoire de pollution atmosphérique EPFL - ENAC - ISTE - LPAS,Lausanne,218004
147210,686200,employee,NA,NA,NA
152154,634425,applicant,CABI West Africa CAB International,"Cantonments, Accra",241617
177583,634425,applicant,CABI West Africa CAB International,"Cantonments, Accra",241617
169430,130127,employee,Institut für Integrative Biologie Departement Umweltwissenschaften ETHZ,Zürich,48578
194004,130127,employee,Institut für Integrative Biologie Departement Umweltwissenschaften ETHZ,Zürich,48578
160923,600558,responsible_applicant,Vaccine Formulation Institute,Plan-les-Ouates,257337
147725,623495,employee,United Nations Research Institute for Social Development (UNRISD),Genève 10,51620
160919,662177,applicant,Center for Health Studies CES Universidad del Valle de Guatemala,Guatemala City,244446
177584,638046,employee,Institut für Evolutionsbiologie und Umweltwissenschaften Universität Zürich,Zürich,58847
160366,680564,employee,NA,NA,NA
147210,620614,employee,Lamont-Doherty Earth Laboratory Columbia University,Palisades,216945
171175,620614,employee,Lamont-Doherty Earth Laboratory Columbia University,Palisades,216945
152034,664214,employee,NA,NA,NA
160373,76291,applicant,SUPSI Dipartimento scienze aziendali e sociali Pallazo E,Manno,238405
183760,76291,applicant,SUPSI Dipartimento scienze aziendali e sociali Pallazo E,Manno,238405
160914,662170,applicant,"Environmental Impacts Group, Energy Division Center for Information Management and Energy Developmen","Miramar, Playa",244440
146896,528169,responsible_applicant,Unisanté - Center for Primary Care and Public Health - Dept of Family Medicine University of Lausanne,Lausanne,255370
160914,731729,employee,NA,NA,NA
160366,655363,applicant,Universidade Eduardo Mondlane Faculty of Medicine,Maputo,261323
177585,745282,employee,NA,NA,NA
152017,634069,applicant,Centre Suisse de Recherche Scientifique,Abidjan,82651
177584,634069,applicant,Centre Suisse de Recherche Scientifique,Abidjan,82651
160373,594705,employee,"Dipartimento economia aziendale, sanità e sociale (DEASS) SUPSI",Manno,244222
147286,617328,applicant,Swiss Tropical and Public Health Institute,Basel,3448
152033,552602,applicant,COMPAS Comunidad Pluricultural Andino-Amazonica Para la Sustentabilidad,Cochabamba,259072
177386,552602,applicant,COMPAS Comunidad Pluricultural Andino-Amazonica Para la Sustentabilidad,Cochabamba,259072
177585,552602,applicant,COMPAS Comunidad Pluricultural Andino-Amazonica Para la Sustentabilidad,Cochabamba,259072
193980,564146,responsible_applicant,Abteilung Islamwissenschaft Asien-Orient-Institut Universität Zürich,Zürich,6686
152154,659642,employee,NA,NA,NA
171177,623448,responsible_applicant,Haute Ecole de Gestion de Geneve HES-SO,Carouge,247342
147718,623448,applicant,Haute Ecole de Gestion de Geneve HES-SO,Carouge,247342
193649,768771,applicant,Dep. Energy and Environmental Engineering School of Engineering University of Natural Resources,Sunyani,252019
152019,644062,applicant,Department of Communication Sciences Faculty of Human Ecology Bogor Agricultural University (IPB),Bogor,242672
177587,644062,applicant,Department of Communication Sciences Faculty of Human Ecology Bogor Agricultural University (IPB),Bogor,242672
171177,800639,employee,NA,NA,NA
169461,662063,applicant,Institut de Recherche en Sciences dela Santé Centre National de Recherche Scientifique et Technologique,Ouagadougou,244398
194003,662063,applicant,Institut de Recherche en Sciences dela Santé Centre National de Recherche Scientifique et Technologique,Ouagadougou,244398
190140,774137,employee,NA,NA,NA
190140,778827,employee,NA,NA,NA
152017,626842,applicant,World Agroforestry Center,Abidjan,240705
177584,626842,applicant,World Agroforestry Center,Abidjan,240705
177592,755828,employee,Centre for Development and Environment (CDE)  Universität Bern,Bern,255857
194003,785048,employee,NA,NA,NA
177582,651305,employee,IAM Institut für Angewandte Medienwissenschaft ZHAW,Winterthur,232147
177480,706778,applicant,Forest Products Research & Development Inst. Chemistry and Biotechnology Section,Laguna,249686
177296,706379,applicant,Section de Sociologie UFR de Lettres et Sciences Humaines Université Gaston Berger,St. Louis,249562
152034,663253,employee,"Pogramme genre, globalisation et changements  IHEID",Genève 21,242757
177591,663253,employee,"Pogramme genre, globalisation et changements  IHEID",Genève 21,242757
194006,758492,applicant,Ho Chi Minh University of Education and Technology,Ho Chi Minh City,255712
177515,635512,applicant,Plant Protection Department Agricultural Faculty Kyrgyz – Turkish Manas University,Bishkek,241934
193649,756691,applicant,Kwame Nkrumah University of Science and Tech Faculty of Social Sciences Department of Economics,Kumasi,257941
146777,644524,employee,Institut de Hautes Etudes Internationales et du Développement,Genève 21,96722
199067,773920,applicant,Petroleum and Petrochemical College  Chulalongkorn University,Bangkok,258274
177480,717824,employee,Departement Wirtschaft Berner Fachhochschule,Bern,227694
160373,718597,employee,NA,NA,NA
183760,718597,employee,NA,NA,NA
183759,655089,employee,Institut universitaire de formation et de recherche en soins IUFRS Université de Lausanne,Lausanne,236331
169564,683160,applicant,"University of Ghana Institute of Statistical, Social and Economic Research",Accra,246740
194008,683160,applicant,"University of Ghana Institute of Statistical, Social and Economic Research",Accra,246740
152019,644057,applicant,CIFOR Central Africa Regional Office Nkolbisson IITA-HFC,Yaoundé,242666
152085,574564,employee,Centre for Development and Environment (CDE) Universität Bern,Bern,242779
177588,574564,employee,Centre for Development and Environment (CDE) Universität Bern,Bern,242779
160909,654308,employee,Institut für Sozial- und Präventivmedizin Universität Bern,Bern,110
146875,616201,responsible_applicant,Zentrum für Entwicklung und Umwelt Universität Bern,Bern,230255
152085,616201,applicant,Zentrum für Entwicklung und Umwelt Universität Bern,Bern,230255
152085,616201,applicant,Zentrum für Entwicklung und Umwelt Universität Bern,Bern,230255
152085,616201,employee,Zentrum für Entwicklung und Umwelt Universität Bern,Bern,230255
152085,616201,employee,Zentrum für Entwicklung und Umwelt Universität Bern,Bern,230255
177588,616201,employee,Zentrum für Entwicklung und Umwelt Universität Bern,Bern,230255
193980,758314,applicant,Lab. d'Etudes politiques/humaines/sociales Sciences Po Rabat Université Internationale de Rabat,Rabat,256272
146955,505422,responsible_applicant,Institut des sciences sociales Faculté des sciences sociales et politiques Université de Lausanne,Lausanne,6113
171188,505422,responsible_applicant,Institut des sciences sociales Faculté des sciences sociales et politiques Université de Lausanne,Lausanne,6113
194006,758491,applicant,"CDRI, Cambodia",Phnom Penh,256301
169461,716272,employee,NA,NA,NA
169564,716272,employee,NA,NA,NA
189496,586822,responsible_applicant,Département de Microbiologie Fondamentale Faculté de Biologie et de Médecine Université de Lausanne,Lausanne,54808
177474,729720,employee,NA,NA,NA
169470,683124,applicant,BRAC University (BIED-BRACU) BRAC Institute of Educational Development,Dhaka,246713
194006,683124,applicant,BRAC University (BIED-BRACU) BRAC Institute of Educational Development,Dhaka,246713
152085,529962,employee,CABI,Delémont,107132
177588,529962,employee,CABI,Delémont,107132
147314,617339,applicant,National Center for Animal and Plant Health CENSA,"San José de las Lajas, Mayabeque",238601
177481,617339,applicant,National Center for Animal and Plant Health CENSA,"San José de las Lajas, Mayabeque",238601
147725,671116,employee,NA,NA,NA
152019,644058,applicant,Department of Ecology and Territory Faculty of Rural and Environmental Studies Universidad Javeriana,Bogota,242667
177587,644058,applicant,Department of Ecology and Territory Faculty of Rural and Environmental Studies Universidad Javeriana,Bogota,242667
147330,617422,applicant,Forest Products Research & Development Inst. Material Science Division,Laguna,250819
177480,617422,applicant,Forest Products Research & Development Inst. Material Science Division,Laguna,250819
193980,632468,employee,Abteilung Islamwissenschaft Asien-Orient-Institut Universität Zürich,Zürich,6686
169461,692666,employee,Department of Epidemiology and Public Health Swiss Tropical and Public Health Institute Universität Basel,Basel,229552
194003,692666,employee,Department of Epidemiology and Public Health Swiss Tropical and Public Health Institute Universität Basel,Basel,229552
160373,691674,employee,NA,NA,NA
152019,607376,applicant,Department of Civil Engineering National University Singapore,Singapore,210229
190140,748997,partner,Centro Internacional de Entrenamiento e Investigaciones Medicos (CIDEIM),Cali,218534
177322,672209,applicant,Social Policy Analysis and Research Centre Faculty of Arts University of Colombo,Colombo,251134
177480,759412,employee,NA,NA,NA
188830,49317,responsible_applicant,Centre for Energy Policy and Economics (CEPE) ETH Zürich,Zürich,124343
177386,106218,responsible_applicant,Institut für Pflanzenwissenschaften Universität Bern,Bern,71
177592,537997,applicant,Eawag Department of Environmental Social Sciences,Dübendorf,260169
160904,662121,applicant,Laboratory of Plant Protection and Improveme Institute of Biotechnology of Sfax University of Sfax,Sfax,239916
147278,67279,responsible_applicant,Forschungsinstitut für biologischen Landbau (FiBL),Frick,1081
152224,67279,responsible_applicant,Forschungsinstitut für biologischen Landbau (FiBL),Frick,1081
177582,67279,responsible_applicant,Forschungsinstitut für biologischen Landbau (FiBL),Frick,1081
147350,584688,responsible_applicant,Völkerkundemuseum Universität Zürich,Zürich,6700
160867,661979,applicant,Centre Suisse de Recherche Scientifique,Abidjan,82651
193032,755418,applicant,Geomatic and Ecosystem Modeling/Laboratory o Department of Botany University of Lomé,Lomé,255826
160373,689363,employee,2rLAB DEASS SUPSI,Manno,253076
183760,689363,employee,2rLAB DEASS SUPSI,Manno,253076
190277,730458,responsible_applicant,Institute of Social and Preventive Medicine (ISPM) Universität Bern,Bern,79308
147836,529895,responsible_applicant,World Trade Institute Universität Bern,Bern,248220
152154,569859,applicant,Institut d'Ethnologie Université de Neuchâtel,Neuchâtel,111149
177583,569859,applicant,Institut d'Ethnologie Université de Neuchâtel,Neuchâtel,111149
160876,674177,applicant,Swiss Organisation for Health in Africa SolidarMed,Maseru West,244377
152017,66841,responsible_applicant,ETH Zurich Dep. Umweltsystemwissens Institut für Agrarwissenschaften,Lindau,261195
177584,66841,responsible_applicant,ETH Zurich Dep. Umweltsystemwissens Institut für Agrarwissenschaften,Lindau,261195
194252,66841,responsible_applicant,ETH Zurich Dep. Umweltsystemwissens Institut für Agrarwissenschaften,Lindau,261195
193032,66841,partner,ETH Zurich Dep. Umweltsystemwissens Institut für Agrarwissenschaften,Lindau,261195
152033,669948,employee,NA,NA,NA
198887,749112,applicant,Biochemistry Department Faculty of Pharmacy & Biotechnology The German University in Cairo,Cairo,254912
169632,683208,applicant,Faculty of Agriculture University of Abomey-Calavi,Benin,246771
194005,683208,applicant,Faculty of Agriculture University of Abomey-Calavi,Benin,246771
177480,706779,applicant,Forest Products Research & Development Inst. Wood Preservation Division,Laguna,250818
146852,616994,responsible_applicant,Gestion Internationale des Forets Haute école des sciences agronomiques HAFL Haute école spécialisée bernoise BFH,Zollikofen,227440
193032,616994,responsible_applicant,Gestion Internationale des Forets Haute école des sciences agronomiques HAFL Haute école spécialisée bernoise BFH,Zollikofen,227440
146791,616994,applicant,Gestion Internationale des Forets Haute école des sciences agronomiques HAFL Haute école spécialisée bernoise BFH,Zollikofen,227440
177587,616994,applicant,Gestion Internationale des Forets Haute école des sciences agronomiques HAFL Haute école spécialisée bernoise BFH,Zollikofen,227440
146852,616994,responsible_applicant,Forest Management and Development (ForDev) ITES ETH Zurich,Zürich,227440
193032,616994,responsible_applicant,Forest Management and Development (ForDev) ITES ETH Zurich,Zürich,227440
146791,616994,applicant,Forest Management and Development (ForDev) ITES ETH Zurich,Zürich,227440
177587,616994,applicant,Forest Management and Development (ForDev) ITES ETH Zurich,Zürich,227440
169632,693759,applicant,Instituto de Investigación en Educación Facultad de Educación University of Costa Rica,"San Pedro, Montes de Oca, San José",247889
194005,693759,applicant,Instituto de Investigación en Educación Facultad de Educación University of Costa Rica,"San Pedro, Montes de Oca, San José",247889
152019,698560,employee,Ecosystem Management Institute of Terrestrial Ecosystems ETH Zürich,Zürich,230163
177587,698560,employee,Ecosystem Management Institute of Terrestrial Ecosystems ETH Zürich,Zürich,230163
146791,615316,employee,Laboratoire de microbiologie environnementale EPFL - ENAC - IIE - EML,Lausanne,220554
152033,634780,employee,NA,NA,NA
177322,768072,applicant,Nepal Centre for Contemporary Research NCCR,Kathmandu,241595
152019,533601,responsible_applicant,Ökosystemmanagement Dep. of Environmental Systems Science ETHZ,Zürich,261067
177587,533601,responsible_applicant,Ökosystemmanagement Dep. of Environmental Systems Science ETHZ,Zürich,261067
146852,533601,applicant,Ökosystemmanagement Dep. of Environmental Systems Science ETHZ,Zürich,261067
146919,642543,employee,Groupe des procédés avancés d'oxydation GPAO EPFL - SB - ISIC - GPAO,Lausanne,245436
169564,727175,employee,Graduate Institute Maison de la Paix,Genève,249519
194008,727175,employee,Graduate Institute Maison de la Paix,Genève,249519
152033,511755,employee,Centre for Development and Environment (CDE) Universität Bern,Bern,242779
177585,511755,employee,Centre for Development and Environment (CDE) Universität Bern,Bern,242779
193032,665144,applicant,Ecosystem Management Institute of Terrestrial Ecosystems ETH Zürich,Zürich,230163
146852,665144,employee,Ecosystem Management Institute of Terrestrial Ecosystems ETH Zürich,Zürich,230163
152019,665144,employee,Ecosystem Management Institute of Terrestrial Ecosystems ETH Zürich,Zürich,230163
177587,665144,employee,Ecosystem Management Institute of Terrestrial Ecosystems ETH Zürich,Zürich,230163
147286,645603,employee,NA,NA,NA
152034,96769,applicant,Graduate Institute Maison de la Paix,Genève,249519
177591,96769,applicant,Graduate Institute Maison de la Paix,Genève,249519
160867,31488,responsible_applicant,Swisspeace - Schweizerische Friedenstiftung Universität Basel,Bern 7,242534
152033,575108,applicant,NA,NA,NA
152034,575108,applicant,NA,NA,NA
177585,575108,applicant,NA,NA,NA
177591,575108,applicant,NA,NA,NA
169470,6980,applicant,Institut für Erziehungswissenschaften Universität Zürich,Zürich,224152
194006,6980,applicant,Institut für Erziehungswissenschaften Universität Zürich,Zürich,224152
160374,678002,employee,NA,NA,NA
177296,706377,applicant,Anthropology and Sociology Department Graduate Institute IHEID,Genève,249560
169430,675850,employee,Institut des dynamiques de la surface terrestre Université de Lausanne,Lausanne,242451
177474,697097,applicant,Institut für Geophysik ETH Zürich,Zürich,2192
160877,716384,employee,NA,NA,NA
147330,609993,applicant,"Hochschule für Agrar-, Forst- und Lebensmittelwissenschaften HAFL Berner Fachhochschule BFH",Zollikofen,230309
152167,137814,applicant,Planning of Landscape and Urban Systems Institute for Spatial and Landscape Planning ETH Zuerich,Zürich,238076
177592,137814,applicant,Planning of Landscape and Urban Systems Institute for Spatial and Landscape Planning ETH Zuerich,Zürich,238076
199067,796554,employee,NA,NA,NA
160910,616283,responsible_applicant,Hochschule für Wirtschaft Fachhochschule Nordwestschweiz,Basel,105908
152154,84925,employee,NA,NA,NA
169564,706892,employee,NA,NA,NA
194252,759393,partner,University of Peradeniya,Peradeniya,234120
160373,570504,applicant,Swiss Federal Institute for Technology ETH NADEL Center for Development and Cooperation,Zürich,51863
169632,570504,applicant,Swiss Federal Institute for Technology ETH NADEL Center for Development and Cooperation,Zürich,51863
183760,570504,applicant,Swiss Federal Institute for Technology ETH NADEL Center for Development and Cooperation,Zürich,51863
194005,570504,applicant,Swiss Federal Institute for Technology ETH NADEL Center for Development and Cooperation,Zürich,51863
160876,661997,applicant,District Health Management Team,Butha-Buthe,244376
147210,617282,applicant,Ghana Center for Democratic Development,Legon Accra,239705
147836,574672,employee,World Trade Institute Centre for Development and Environment (CDE) Universität Bern,Bern,138287
160904,662122,applicant,Faculty of Sciences Semlalia University Cadi Ayyad,Marrakech,244425
146777,642187,employee,Institut de hautes études Internationales et du Développement,Genève,238900
177346,729944,employee,NA,NA,NA
152085,634489,applicant,Department of Agricultural Economics  Haramaya University,Dire Dawa,242777
177588,634489,applicant,Department of Agricultural Economics  Haramaya University,Dire Dawa,242777
152033,586245,applicant,Institut für Sozialanthropologie Philosophisch-historische Fakultät Universität Bern,Bern,5425
177585,117097,applicant,Institut für Sozialanthropologie Philosophisch-historische Fakultät Universität Bern,Bern,5425
147210,617280,applicant,American University of Cairo Department of Public Policy and Administration,New Cairo,239702
171175,617280,applicant,American University of Cairo Department of Public Policy and Administration,New Cairo,239702
193980,758315,applicant,Institute of Women's Studies  Birzeit University,Birzeit,256273
152019,666876,employee,Ecosystem Management Institute of Terrestrial Ecosystems ETH Zürich,Zürich,230163
177587,666876,employee,Ecosystem Management Institute of Terrestrial Ecosystems ETH Zürich,Zürich,230163
146777,659851,employee,"Pogramme genre, globalisation et changements  IHEID",Genève 21,242757
152034,659851,employee,"Pogramme genre, globalisation et changements  IHEID",Genève 21,242757
171176,659851,employee,"Pogramme genre, globalisation et changements  IHEID",Genève 21,242757
177591,659851,employee,"Pogramme genre, globalisation et changements  IHEID",Genève 21,242757
160373,716292,employee,"Departement Geistes-, Sozial- und Staatswissenschaften (D-GESS) ETH Zürich",Zürich,246379
194093,573370,partner,Institut de psychologie Université de Lausanne,Lausanne,257614
177588,560709,applicant,Zentrum für Entwicklung und Umwelt Universität Bern,Bern,230255
191762,19483,responsible_applicant,Institut für Parasitologie Universität Bern,Bern,47846
160910,737932,employee,NA,NA,NA
146791,617066,applicant,University of Antananarivo,Antananarivo,239612
194252,759390,partner,Tea Research Institute of Sri Lanka,Talawakelle,256461
177385,759114,employee,NA,NA,NA
147314,604900,employee,Forschungsanstalt Agroscope Reckenholz-Tänikon ART,Zürich,90107
177346,604900,employee,Forschungsanstalt Agroscope Reckenholz-Tänikon ART,Zürich,90107
177481,604900,employee,Forschungsanstalt Agroscope Reckenholz-Tänikon ART,Zürich,90107
147210,643190,employee,Global Governance CIS ETH Zürich,Zürich,233813
160897,674226,applicant,Laboratoire Citoyennetés,Ouagadougou,241097
152085,620139,employee,Zentrum für Entwicklung und Umwelt Universität Bern,Bern,230255
177322,698952,employee,ZHAW Soziale Arbeit Institut für Vielfalt und gesellschaftliche,Zürich,261344
183760,752026,employee,Swiss Tropical and Public Health Institute Department of Epidemiology and Public Health University of Basel,Basel,252930
147210,65916,applicant,Département de science politique et relations internationales Université de Genève,Genève 4,121316
171175,690368,applicant,Département de science politique et relations internationales Université de Genève,Genève 4,121316
147320,643124,employee,Geographisches Institut Universität Bern,Bern,1758
152224,577188,employee,Forschungsinstitut für biologischen Landbau (FiBL),Frick,1081
152033,119889,applicant,Geographisches Institut Universität Bern,Bern,1758
177585,119889,applicant,Geographisches Institut Universität Bern,Bern,1758
171191,716294,employee,Centre for Development and Environment University of Bern,Bern,240943
152167,576801,applicant,Institut für Politikwissenschaft Universität Bern,Bern,53632
177592,576801,applicant,Institut für Politikwissenschaft Universität Bern,Bern,53632
169564,683161,applicant,National Institute for Economic Research (NIER),Vientiane Capital,246716
194008,683161,applicant,National Institute for Economic Research (NIER),Vientiane Capital,246716
152033,623671,employee,Centre for Development and Environment University of Bern,Bern,240943
177585,623671,employee,Centre for Development and Environment University of Bern,Bern,240943
160910,737509,employee,Institut für Wirtschaftsinformatik Fachhochschule Nordwestschweiz Hochschule für Wirtschaft,Basel,95106
160923,715978,employee,NA,NA,NA
160876,567108,applicant,Swiss Tropical and Public Health Institute,Basel,3448
147725,661658,employee,Zentrum für Entwicklung und Umwelt Universität Bern,Bern,230255
171191,661658,employee,Zentrum für Entwicklung und Umwelt Universität Bern,Bern,230255
147330,707195,employee,NA,NA,NA
177480,707195,employee,NA,NA,NA
160366,665829,applicant,B P Koirala Institute of Health Sciences School of Public Health & Community Medicine,Dharan,243793
147725,617312,applicant,Graduate Center for Development Sciences Universidad Mayor de San Andres,La Paz,239685
171191,617312,applicant,Graduate Center for Development Sciences Universidad Mayor de San Andres,La Paz,239685
160867,598033,employee,Swiss Peace Foundation - swisspeace,Bern,130853
152034,661272,employee,"Département de Relations internationales et Science politique IHEID, Graduate Institute",Genève,242143
177591,661272,employee,"Département de Relations internationales et Science politique IHEID, Graduate Institute",Genève,242143
152167,626165,employee,NA,NA,NA
177592,626165,employee,NA,NA,NA
146896,533453,applicant,Dar es Salaam City Council City Medical Office Health,Dar es Salaam,230561
152085,634131,applicant,Sokoine University of Agriculture Faculty of Forestry and Nature Conservation Department of Forest Mensuration and Managem,Morogoro,242776
177588,634131,applicant,Sokoine University of Agriculture Faculty of Forestry and Nature Conservation Department of Forest Mensuration and Managem,Morogoro,242776
160374,662916,employee,Département d'économie (DE) Faculté des Hautes Etudes Commerciales (HEC) Université de Lausanne,Lausanne,23069
183759,662916,employee,Département d'économie (DE) Faculté des Hautes Etudes Commerciales (HEC) Université de Lausanne,Lausanne,23069
177385,603754,employee,Institut für Sprachwissenschaft Universität Bern,Bern 9,35073
160906,674250,applicant,Faculty of Forestry Universitas Gadjah Mada,"Bulaksumur, Yogyakarta",245879
147286,617329,applicant,Makerere University,Makerere Main Campus,239729
152033,659578,employee,Akademie der Naturwissenschaften Schweiz SCNAT,Bern,231596
146896,709797,employee,Klinik und Poliklinik für Kinderheilkunde Medizinische Universitäts-Kinderklinik Inselspital,Bern,46154
160877,20507,responsible_applicant,Institut für Pflanzen- und Mikrobiologie Universität Zürich,Zürich,41533
177481,75310,applicant,"Hochschule für Agrar-, Forst- und Lebensmittelwissenschaften HAFL Berner Fachhochschule BFH",Zollikofen,230309
193649,781656,employee,NA,NA,NA
169632,672232,employee,Research Division Education Systems Swiss Economic Institute Swiss Federal Institute for Technology ETH,Zürich,244279
152154,110193,responsible_applicant,CABI,Delémont,107132
177583,110193,responsible_applicant,CABI,Delémont,107132
160929,110631,responsible_applicant,Institut des sciences sociales Faculté des sciences sociales et politiques Université de Lausanne,Lausanne,6113
169470,683120,applicant,National University of Laos Faculty of Engineering,Vientiane,246710
194006,683120,applicant,National University of Laos Faculty of Engineering,Vientiane,246710
160929,673931,employee,Global Studies Institute Université de Genève,Genève,251085
152017,658638,employee,Group of Plant Nutrition Institute of Agricultural Sciences ETH Zurich,Lindau,242770
177584,658638,employee,Group of Plant Nutrition Institute of Agricultural Sciences ETH Zurich,Lindau,242770
183759,801385,employee,NA,NA,NA
146875,60699,applicant,Centre for Training and Integrated Research in ASAL Development CETRAD,Nanyuki,233998
152033,60699,applicant,Centre for Training and Integrated Research in ASAL Development CETRAD,Nanyuki,233998
177585,60699,applicant,Centre for Training and Integrated Research in ASAL Development CETRAD,Nanyuki,233998
177588,60699,applicant,Centre for Training and Integrated Research in ASAL Development CETRAD,Nanyuki,233998
160876,94379,applicant,Molecular Virology Department Biomedicine - Petersplatz Universität Basel,Basel,255304
147836,642845,employee,NA,NA,NA
152224,541182,employee,IAM Institut für Angewandte Medienwissenschaft ZHAW,Winterthur,232147
177582,541182,employee,IAM Institut für Angewandte Medienwissenschaft ZHAW,Winterthur,232147
152154,634429,applicant,Fish For Africa - Ghana,Accra,241621
177583,634429,applicant,Fish For Africa - Ghana,Accra,241621
194093,583940,partner,ETH Zürich,Zürich,230792
146777,569496,employee,Institut de Hautes Etudes Internationales et du Développement,Genève 21,96722
194252,627670,partner,Forschungsinstitut für biologischen Landbau (FiBL),Frick,1081
193925,782226,employee,NA,NA,NA
169632,758538,employee,NA,NA,NA
194005,758538,employee,NA,NA,NA
177582,631091,employee,Forschungsinstitut für biologischen Landbau (FiBL),Frick,1081
169430,664446,responsible_applicant,Institut de géographie et durabilité Faculté des géosciences et de l'environnemen Université de Lausanne,Lausanne,239601
194004,664446,responsible_applicant,Institut de géographie et durabilité Faculté des géosciences et de l'environnemen Université de Lausanne,Lausanne,239601
160374,666126,applicant,INTERNATIONAL INSTITUTE FOR POPULATION SCIEN,Mumbai,245028
183759,666126,applicant,INTERNATIONAL INSTITUTE FOR POPULATION SCIEN,Mumbai,245028
160374,666126,applicant,Dept. of Fertility Studies Int. Institute for population science,MUMBAI,245028
183759,666126,applicant,Dept. of Fertility Studies Int. Institute for population science,MUMBAI,245028
146777,590368,applicant,"Institut d'études politiques, historiques et internationales (IEPHI) - Faculté des SSP Université de Lausanne",Lausanne,77288
171176,590368,applicant,"Institut d'études politiques, historiques et internationales (IEPHI) - Faculté des SSP Université de Lausanne",Lausanne,77288
177515,798990,employee,NA,NA,NA
177474,546881,applicant,Institut für Geophysik ETH Zürich,Zürich,2192
147350,617451,applicant,Makerere University,Makerere Main Campus,239729
147330,651220,employee,Institute for Materials and Wood Technology  Berne University of Applied Sciences,Biel/Bienne,230519
160876,661427,responsible_applicant,Dept. of Medicine Swiss TPH,Basel,249624
160366,698474,employee,Université de Genève,Genève,246117
160909,674208,applicant,Papua New Guinea PNG Institute of Medical Researh,Madang,245870
152034,622777,employee,Interdisziplinäres Zentrum für Geschlechterforschung (IZFG) Universität Bern,Bern,210259
177591,622777,employee,Interdisziplinäres Zentrum für Geschlechterforschung (IZFG) Universität Bern,Bern,210259
147320,617361,applicant,Servicio Nacional de Meterologia e Hidrologia del Peru SENAMHI,Lima,239744
177588,655151,applicant,Centre for Invasion Biology Botany and Zoology Stellenbosch University,Stellenbosch,243768
160876,661998,applicant,"SolidarMed, Swiss Organization for Health in",Butha-Buthe,255694
160923,690197,employee,Vaccine Formulation Institute,Plan-les-Ouates,257337
169461,710235,employee,NA,NA,NA
194003,710235,employee,NA,NA,NA
198747,649201,partner,University of California,Irvine,96695
152085,675951,employee,Rijksvastgoedbedrijf Ministry of the Interior,Wageningen,259649
177481,533051,applicant,NA,NA,NA
152167,688559,employee,Centre for Development and Environment University of Bern,Bern,240943
177592,688559,employee,Centre for Development and Environment University of Bern,Bern,240943
152017,634074,applicant,INERA,Ouagadougou,241509
177584,634074,applicant,INERA,Ouagadougou,241509
169461,558777,employee,Department of Epidemiology and Public Health Swiss Tropical and Public Health Institute Universität Basel,Basel,229552
194003,558777,employee,Department of Epidemiology and Public Health Swiss Tropical and Public Health Institute Universität Basel,Basel,229552
160909,514419,responsible_applicant,Institut für Sozial- und Präventivmedizin Universität Bern,Bern,110
160867,696340,employee,swisspeace Department of Political Science University of Basel,Basel,248698
146955,691148,employee,Institut des sciences sociales Faculté des sciences sociales et politiques Université de Lausanne,Lausanne,6113
171188,691148,employee,Institut des sciences sociales Faculté des sciences sociales et politiques Université de Lausanne,Lausanne,6113
152167,643814,employee,Zentrum für Entwicklung und Umwelt Universität Bern,Bern,230255
177592,643814,employee,Zentrum für Entwicklung und Umwelt Universität Bern,Bern,230255
194003,758490,applicant,Ifakara Health Institute Department of Environmental Health and Ecological Sciences,Ifakara,244402
177385,66297,responsible_applicant,Anatomisches Institut Universität Zürich,Zürich,857
169461,634293,applicant,Manhiça Health Research Centre Manhiça Foundation,Maputo,246704
194003,634293,applicant,Manhiça Health Research Centre Manhiça Foundation,Maputo,246704
160904,70521,responsible_applicant,Forschungsinstitut für biologischen Landbau (FiBL),Frick,1081
160914,657149,employee,Laboratoire de systèmes d'information géographique EPFL - ENAC - IIE - LASIG,Lausanne,228142
194008,795662,employee,NA,NA,NA
146955,526795,applicant,Institut des sciences sociales Faculté des sciences sociales et politiques Université de Lausanne,Lausanne,6113
160906,617252,applicant,Department of Town and Country Planning University of Moratuwa,Katubedda,244428
147330,651219,employee,NA,NA,NA
147286,617326,applicant,Makerere University,Makerere Main Campus,239729
177296,19499,responsible_applicant,Haute école de travail social et de la santé HES-SO,Lausanne,27349
169632,751501,employee,NA,NA,NA
160373,689362,employee,NA,NA,NA
152019,688130,employee,NA,NA,NA
177587,688130,employee,NA,NA,NA
199067,773919,applicant,Petroleum and Petrochemical College  Chulalongkorn University,Bangkok,258274
160914,505028,responsible_applicant,Industrial Process and Energy Systems Engineering EPFLValais Wallis,Sion,250486
194006,773974,employee,NA,NA,NA
152085,681964,employee,NA,NA,NA
169564,718463,employee,"Centre on Conflict, Development and Peacebuilding (CCDP) IHEID",Genève 1,234336
183760,552030,applicant,Ifakara Health Institute,Dar es Salaam,230492
177295,125502,applicant,Institut de psychologie Université de Lausanne,Lausanne,6101
177587,768049,employee,NA,NA,NA
147210,694172,employee,NA,NA,NA
171175,694172,employee,NA,NA,NA
171191,716279,employee,Interdisziplinäres Zentrum für Geschlechterforschung Universität Bern,Bern,128528
147320,617348,employee,MeteoSchweiz,Zürich,212842
160374,590587,responsible_applicant,Département de Stratégie Faculté des HEC - Internef Université de Lausanne,Lausanne,247661
183759,590587,responsible_applicant,Département de Stratégie Faculté des HEC - Internef Université de Lausanne,Lausanne,247661
169470,607083,responsible_applicant,Pädagogische Hochschule Zürich,Zürich,232714
194006,607083,responsible_applicant,Pädagogische Hochschule Zürich,Zürich,232714
171188,748696,employee,NA,NA,NA
177346,515141,applicant,Forschungsanstalt Agroscope Reckenholz-Tänikon ART,Zürich,90107
169564,706894,employee,NA,NA,NA
194005,773241,employee,Research Division Education Systems Swiss Economic Institute Swiss Federal Institute for Technology ETH,Zürich,244279
146955,651891,employee,Laboratoire d'Anthropologie Culturelle et Sociale (LACS) Université de Lausanne,Lausanne,245453
171188,651891,employee,Laboratoire d'Anthropologie Culturelle et Sociale (LACS) Université de Lausanne,Lausanne,245453
152154,712944,employee,NA,NA,NA
177583,712944,employee,NA,NA,NA
169564,643328,employee,Graduate Institute of International and Development Studies IHEID,Genève,244502
194008,643328,employee,Graduate Institute of International and Development Studies IHEID,Genève,244502
160897,729440,employee,NA,NA,NA
177296,799252,applicant,l’Université Catholique d'Afrique Centrale,Yaoundé,251684
152154,634421,applicant,Centre de Recherche Agricole (CRA) Agonkanm Institut National des Recherches Agricoles,Cotonou 01,242552
177583,634421,applicant,Centre de Recherche Agricole (CRA) Agonkanm Institut National des Recherches Agricoles,Cotonou 01,242552
152167,632970,responsible_applicant,Wyss Academy for Nature Universität Bern,Bern,258775
177592,632970,responsible_applicant,Wyss Academy for Nature Universität Bern,Bern,258775
152167,590751,employee,Institut für Politikwissenschaft Universität Bern,Bern,53632
177592,590751,employee,Institut für Politikwissenschaft Universität Bern,Bern,53632
152019,634082,applicant,WWF Cameroon Programme Office Immeuble Panda,Yaoundé,241513
177587,634082,applicant,WWF Cameroon Programme Office Immeuble Panda,Yaoundé,241513
160910,662139,applicant,Department of Public Health University of Zambia,Lusaka,244433
147718,647018,employee,Université de Genève,Genève 4,126726
171191,749617,employee,Centre for Development and Environment (CDE) Universität Bern,Bern,242779
160366,655360,applicant,CRONICAS Center for Global Health Universidad Peruana Cayetano Heredia,Lima,261322
160374,655448,applicant,Invest in Knowledge,Zomba,243807
183759,655448,applicant,Invest in Knowledge,Zomba,243807
147210,674211,employee,NA,NA,NA
171175,674211,employee,NA,NA,NA
194252,759388,applicant,University of Peradeniya,Peradeniya,234120
194252,759387,applicant,Tea Research Institute of Sri Lanka,Talawakelle,256461
177584,634129,applicant,"Université d’Abomey-Calavi Faculté des Sciences Agronomiques Lab. of Genetics, Horticulture and Seed Sc.",Cotonou,241521
147320,617358,applicant,Universidad Mayor de San Andrés (UMSA),La Paz,239679
160867,661981,applicant,University of Juba,Juba,245860
177295,706374,applicant,Unité de formation et de recherche en lettres et sciences humaines (UFR/LSH) University of Koudougou,Koudougou,259099
160373,655428,applicant,Ifakara Health Institute,Dar es Salaam,230492
190277,740544,applicant,Institute of Social and Preventive Medicine (ISPM) Universität Bern,Bern,79308
177386,519234,applicant,"Department of Ecosystems and Conservation College of Forestry, Wildlife and Tourism Sokoine University of Agriculture",Morogoro,250814
177582,632099,employee,NA,NA,NA
152224,645563,applicant,Kenya Agricultural & Livestock Research Org KALRO Food Crops Research Centre,Kabete,243039
177582,645563,applicant,Kenya Agricultural & Livestock Research Org KALRO Food Crops Research Centre,Kabete,243039
169564,708728,employee,NA,NA,NA
147350,617453,applicant,Makerere University,Makerere Main Campus,239729
177319,706469,applicant,Cervical Cancer Prevention Program in Zambia Women and Newborn Hospital University of Zambia,Lusaka,249587
152167,634459,applicant,Environmental Care and Community Secuity Ins,Yangon,255714
177592,634459,applicant,Environmental Care and Community Secuity Ins,Yangon,255714
152154,659640,employee,NA,NA,NA
177583,659640,employee,NA,NA,NA
152017,552985,applicant,Institut du Développement Rural Université Polytechnique de Bobo Dioulasso,Bobo Dioulasso 01,241626
177584,552985,applicant,Institut du Développement Rural Université Polytechnique de Bobo Dioulasso,Bobo Dioulasso 01,241626
191762,751446,partner,Institut für Zellbiologie Departement Biologie Universität Bern,Bern,218544
177322,662002,applicant,Indian Institute of Technology Bombay,Mumbai,239191
171188,690582,applicant,Department of social and behavioral science Faculty of Arts Birzeit University,Birzeit,247359
146955,626979,applicant,Centre de Recherche et de Formation pour la Chaire Unesco Université du Burundi,Bujumbura,240710
171188,626979,applicant,Centre de Recherche et de Formation pour la Chaire Unesco Université du Burundi,Bujumbura,240710
169430,683103,applicant,Consultative & Research Center on Natural Resources Management CORENARM,Hue City,255903
194004,683103,applicant,Consultative & Research Center on Natural Resources Management CORENARM,Hue City,255903
147210,617296,applicant,Copperbelt University Deg Hammarskjöld Institute for Peace Studies,Kitwe,239716
171175,617296,applicant,Copperbelt University Deg Hammarskjöld Institute for Peace Studies,Kitwe,239716
169430,706888,employee,NA,NA,NA
194004,706888,employee,NA,NA,NA
152017,542586,employee,Forschungsinstitut für biologischen Landbau (FiBL),Frick,1081
152224,542586,employee,Forschungsinstitut für biologischen Landbau (FiBL),Frick,1081
160904,542586,employee,Forschungsinstitut für biologischen Landbau (FiBL),Frick,1081
177582,542586,employee,Forschungsinstitut für biologischen Landbau (FiBL),Frick,1081
177584,542586,employee,Forschungsinstitut für biologischen Landbau (FiBL),Frick,1081
152085,634490,applicant,Department of Agricultural Economics  Haramaya University,Dire Dawa,242777
177588,634490,applicant,Department of Agricultural Economics  Haramaya University,Dire Dawa,242777
152017,43906,applicant,Forschungsinstitut für biologischen Landbau (FiBL),Frick,1081
177584,43906,applicant,Forschungsinstitut für biologischen Landbau (FiBL),Frick,1081
146955,653535,applicant,NA,NA,NA
194252,759389,partner,University of Peradeniya,Peradeniya,234120
152154,634427,applicant,CSIR - Animal Research Institute Council for Scientific and Industrial Resear,Achimota,241619
177583,634427,applicant,CSIR - Animal Research Institute Council for Scientific and Industrial Resear,Achimota,241619
160929,617056,applicant,"Group of Administrative, Political and Social Research University of Yaoundé II",Yaounde,218329
194093,758680,applicant,"Iranian National Center for Addiction Studies (INCAS), Tehran University of Medical Sciences",Tehran,256335
152019,645505,applicant,WWF Cameroon Programme Office Immeuble Panda,Yaoundé,241513
193649,756693,applicant,Kwame Nkrumah Univ. of Science & Technology Department of Mechanical Engineering College of Engineering,Kumasi,257942
147836,662446,employee,World Trade Institute Universität Bern,Bern,248220
177592,662724,employee,Zentrum für Entwicklung und Umwelt Geographisches Institut Universität Bern,Bern,252868
194252,45738,partner,Group of Plant Nutrition Institute of Agricultural Sciences ETH Zurich,Lindau,242770
160919,29512,applicant,Swiss Tropical and Public Health Institute,Basel,229553
160930,57587,responsible_applicant,Swiss Tropical and Public Health Institute,Basel,3448
160374,681707,employee,NA,NA,NA
183759,681707,employee,NA,NA,NA
147836,632639,applicant,Department of Economics University of Ghana,Accra,241077
147210,617284,applicant,Ghana Center for Democratic Development,Legon Accra,239705
147278,573082,applicant,College of Agriculture & Consumer Sciences Forest and Horticultural Crops Research Cent University of Ghana,Accra-Legon,242484
152224,573082,applicant,College of Agriculture & Consumer Sciences Forest and Horticultural Crops Research Cent University of Ghana,Accra-Legon,242484
177582,573082,applicant,College of Agriculture & Consumer Sciences Forest and Horticultural Crops Research Cent University of Ghana,Accra-Legon,242484
169461,683117,applicant,Ifakara Health Institute (IHI),"Ifakara, Morogoro",246705
147718,547641,responsible_applicant,Institute of Economics and Econometrics Geneva School of Economics and Management Université de Genève,Genève 4,244611
171177,547641,applicant,Institute of Economics and Econometrics Geneva School of Economics and Management Université de Genève,Genève 4,244611
160877,739671,applicant,NA,NA,NA
171176,690466,applicant,WILPF Nigeria,Enugu,247340
146777,671512,applicant,NA,NA,NA
193649,633119,responsible_applicant,Urban Energy Systems Laboratory  Empa Swiss Federal Laboratories for Material,Dübendorf 2,254738
183760,752759,employee,NA,NA,NA
146919,524806,applicant,Université de Cocody,Abidjan,233922
177295,706373,applicant,Unité de Formation et de Recherche en Scienc Department of Sociology University of Ouaga 1 Pr Joseph Ki-Zerbo,Ouagadougou 03,249556
177474,706754,applicant,Laboratory of Ecological Chemistry Inst. of Chemistry and Chemical Technology Mongolian Academy of Sciences,Ulaanbaatar,249670
152019,644054,applicant,Forests and Governance Programme Center for International Forestry Research,Bogor,242661
169632,661994,applicant,School of Education Kathmandu University,Kathmandu,244372
194005,661994,applicant,School of Education Kathmandu University,Kathmandu,244372
189496,583034,applicant,ICIPE Environmental Health,Nairobi,255441
177295,706375,applicant,Département de Psychologie Appliquée National Institute of Educational Sciences University of Lomé,Lomé,249557
177385,706662,applicant,Universidad del Valle de Guatemala,Guatemala City,249632
160929,100175,applicant,Global Studies Institute Sciences II Université de Genève,Genève 4,3081
177480,706780,applicant,Philippine Coconut Autority Non-Food Products Development Division Zamboanga Research Center,Zamboanga City,249687
146955,560203,employee,Political Sciences and Int. Relations University of Geneva,Genève,253616
171188,560203,employee,Political Sciences and Int. Relations University of Geneva,Genève,253616
177346,706775,applicant,Estacion Experimental de Pastos Indio Hatuey,Havana,249681
177481,706781,applicant,Agrarian University of Havana,San José de las Lajas,249703
177385,752980,employee,Denny Hall Department of Anthropology and Archaeology Dickinson College,Carlisle,261321
160909,674213,applicant,Modilon General Hospital,Madang,245872
147725,623497,applicant,National University of Laos Faculty of Social Sciences,Vientiane,240146
171191,623497,applicant,National University of Laos Faculty of Social Sciences,Vientiane,240146
147330,560229,responsible_applicant,"Berner Fachhochschule Architektur, Holz und Bau",Biel/Bienne 6,224160
177480,560229,responsible_applicant,"Berner Fachhochschule Architektur, Holz und Bau",Biel/Bienne 6,224160
160910,598722,employee,Swiss Educational Innovation Network SEIN Schweizerisches Netzwerk für Bildungsinnovat,Basel,255672
160910,598722,employee,Institut für Wirtschaftsinformatik Fachhochschule Nordwestschweiz Hochschule für Wirtschaft,Basel,255672
171177,775605,employee,NA,NA,NA
160909,662134,applicant,Institute of Medical Research Papua New Guinea,Goroka,230503
147718,623464,applicant,Escola de Economia de São Paulo- FGV/SP,Sao Paulo,247343
171177,623464,applicant,Escola de Economia de São Paulo- FGV/SP,Sao Paulo,247343
147718,623449,applicant,African Center for Economic Transformation,Accra,240131
171177,623449,applicant,African Center for Economic Transformation,Accra,240131
177386,758982,employee,NA,NA,NA
169461,774634,employee,NA,NA,NA
194003,774634,employee,NA,NA,NA
147330,528307,applicant,Haute école de gestion Arc HES-SO,Neuchâtel,240700
146777,574617,responsible_applicant,Gender Studies Center University of Geneva,Genève,253750
152034,574617,responsible_applicant,Gender Studies Center University of Geneva,Genève,253750
171176,574617,responsible_applicant,Gender Studies Center University of Geneva,Genève,253750
177591,574617,responsible_applicant,Gender Studies Center University of Geneva,Genève,253750
146919,46953,responsible_applicant,Groupe des procédés avancés d'oxydation GPAO EPFL - SB - ISIC - GPAO,Lausanne,245436
177474,706755,applicant,National Renewable Energy Centre,Ulaanbaatar,249671
152019,682591,employee,Laboratoire des systèmes écologiques EPFL - ENAC - IIE - ECOS,Lausanne,220082
177587,682591,employee,Laboratoire des systèmes écologiques EPFL - ENAC - IIE - ECOS,Lausanne,220082
160374,666127,applicant,University of the Philippines School of Economics,"Diliman, Quezon City",245029
183759,666127,applicant,University of the Philippines School of Economics,"Diliman, Quezon City",245029
194093,758930,applicant,"Iranian National Center for Addiction Studies (INCAS), Tehran University of Medical Sciences",Tehran,256335
171176,690467,applicant,CENTER FOR SECURITY AND PEACE STUDIES  GADJAH MADA UNIVERSITY,Yogyakarta,239717
147836,623719,applicant,Department of Economics University of Dhaka,Dhaka,244468
147836,632636,applicant,Institut National de la Statistique de Madagascar,Antananarivo,240198
146791,99006,applicant,ESSA Forêts School of Agronomy University of Antananarivo,Antananarivo,249581
146852,99006,applicant,ESSA Forêts School of Agronomy University of Antananarivo,Antananarivo,249581
152167,99006,applicant,ESSA Forêts School of Agronomy University of Antananarivo,Antananarivo,249581
177592,99006,applicant,ESSA Forêts School of Agronomy University of Antananarivo,Antananarivo,249581
146791,617067,applicant,Ecole supérieure de sciences agronomiques ESSA Département Eaux et forêts,Antanarivo,99008
147836,623723,applicant,School of Economic and Business Sciences University of the Witwatersrand,Johannesburg,241078
160374,655444,applicant,Institute for Health Policy,Colombo,243806
183759,655444,applicant,Institute for Health Policy,Colombo,243806
171188,605112,employee,Leuven Institute of Criminology Faculty of Law Katholieke Universiteit Leuven,Leuven,232184
188830,741068,applicant,Central Department of Economics (CEDECON)  Tribhuvan University,Kathmandu,254198
146791,617065,applicant,Centre National de Recherche sur l'Environnement (CNRE),Antananarivo,218520
146875,641068,employee,NA,NA,NA
169632,661341,responsible_applicant,D-MTEC Swiss Economic Institute Swiss Federal Institute for Technology ETH,Zürich,256297
194005,661341,responsible_applicant,D-MTEC Swiss Economic Institute Swiss Federal Institute for Technology ETH,Zürich,256297
152034,541575,applicant,IHEID / GIIDS,Genève 21,229363
177515,112507,employee,Institut Umwelt und Natürliche Ressourcen ZHAW,Wädenswil,231915
152085,634488,applicant,Tanzania Forestry Research Institute Lushoto Centre,Lushoto,259082
177588,634488,applicant,Tanzania Forestry Research Institute Lushoto Centre,Lushoto,259082
146777,631543,employee,Graduate Institute Chemin Eugène-Rigot 2A Department of International Relations,Genève 1,244869
171176,631543,employee,Graduate Institute Chemin Eugène-Rigot 2A Department of International Relations,Genève 1,244869
152019,645506,applicant,WWF Colombia,Bogotá B.C.,243035
177587,645506,applicant,WWF Colombia,Bogotá B.C.,243035
160876,674176,applicant,"SolidarMed, Swiss Organization for Health in",Butha-Buthe,255694
152033,519029,responsible_applicant,Centre for Development and Environment (CDE) Universität Bern,Bern,242779
177585,519029,responsible_applicant,Centre for Development and Environment (CDE) Universität Bern,Bern,242779
191762,31289,partner,Institut für Zellbiologie Departement Biologie Universität Bern,Bern,218544
177346,706774,applicant,Centro Nacional de Sanidad Agropecuaria CENSA,Havanna,249682
147320,626693,applicant,Servicio Nacional de Meterologia e Hidrologia del Peru SENAMHI,Lima,239744
147320,626692,applicant,Bundesamt für Meteorologie und Klimatologie MeteoSwiss,Zürich,48278
177295,121122,responsible_applicant,Institut de psychologie Université de Lausanne,Lausanne,6101
152019,634080,applicant,"Naturaleza, Energía y Sociedad",Bogota,242668
177587,634080,applicant,"Naturaleza, Energía y Sociedad",Bogota,242668
198887,15919,partner,University of Fribourg Department of Pathology,Fribourg,258101
171175,590824,employee,Internationale Konfliktforschung ETH Zürich,Zürich,236390
177385,706663,applicant,Universidad Catolica Sedes Sapientiae - Nopo,Atalaya,249633
177474,658535,applicant,Institut für Geophysik ETH Zürich,Zürich,2192
147210,617295,applicant,Universidad de San Carlos de Guatemala Instituto de Investigaciones Históricas Antropológicas y Arqueológicas,Guatemala City,239715
171175,617295,applicant,Universidad de San Carlos de Guatemala Instituto de Investigaciones Históricas Antropológicas y Arqueológicas,Guatemala City,239715
160373,725659,employee,NA,NA,NA
160373,623749,employee,Swiss Tropical and Public Health Institute Health Interventions Unit,Basel,242873
160897,674225,applicant,Unilurio University Campus de Marrere,Nampula,244410
190277,749403,applicant,Shahid Sadoughi University of Medical Science,Yazd,254940
193925,757991,applicant,Faculty of Tropical Medicine Mahidol University,Bangkok,214935
152224,634586,applicant,Centre Régional de Recherche Agronomique Institut d'Economie Rurale (IER),Sikasso,241698
177474,701762,responsible_applicant,Departement Erdwissenschaften ETH Zürich,Zürich,32840
147278,527474,employee,Research Institute of Organic Agriculture Department of International Cooperation FiBL,Frick,246229
152154,634435,applicant,Institut du Développement Rural Université Polytechnique de Bobo Dioulasso,Bobo Dioulasso 01,241626
177583,634435,applicant,Institut du Développement Rural Université Polytechnique de Bobo Dioulasso,Bobo Dioulasso 01,241626
190140,519293,applicant,Centro Internacional de Entrenamiento e Investigaciones Medicos (CIDEIM),Cali,218534
160374,656421,employee,HEC - Ecole des Hautes Etudes Commerciales Université de Lausanne,Lausanne,7411
183759,656421,employee,HEC - Ecole des Hautes Etudes Commerciales Université de Lausanne,Lausanne,7411
189496,784924,employee,NA,NA,NA
146875,617134,applicant,TaTEDO Centre for Sustainable Modern Energy Experti,Kijitonyama,239634
152085,109621,responsible_applicant,CABI,Delémont,107132
177588,109621,responsible_applicant,CABI,Delémont,107132
177480,775445,employee,"Architektur, Holz und Bau Berner Fachhochschule",Biel/Bienne 6,139587
194093,552813,responsible_applicant,Schweizer Institut für Sucht- und Gesundheitsforschung ISGF,Zürich,59659
152085,659637,employee,NA,NA,NA
152154,659637,employee,NA,NA,NA
177346,705801,responsible_applicant,Ithaka Institute for Carbon Strategies,Arbaz,249487
171191,788191,employee,NA,NA,NA
177592,584163,applicant,Goethe University Frankfurt Institute for Social-Ecological Research,Frankfurt am Main,260171
152167,584163,employee,Goethe University Frankfurt Institute for Social-Ecological Research,Frankfurt am Main,260171
147350,616658,employee,Ethnologisches Seminar Universität Zürich,Zürich,6684
152167,89061,applicant,Centre for Development and Environment (CDE) Universität Bern,Bern,242779
152085,89061,employee,Centre for Development and Environment (CDE) Universität Bern,Bern,242779
147210,617294,applicant,Centre for Studies in Social Exclusion Tata Institute of Social Studies,Mumbai,247315
171175,617294,applicant,Centre for Studies in Social Exclusion Tata Institute of Social Studies,Mumbai,247315
147286,672286,employee,NA,NA,NA
152034,634157,applicant,Multi-Angles Centre,Phnom Penh,249796
177591,634157,applicant,Multi-Angles Centre,Phnom Penh,249796
177588,794234,employee,NA,NA,NA
160906,674247,applicant,Institute of Space Technology Department of Space Science,Islamabad,245878
160914,672863,employee,EPFL Valais Wallis,Sion,245509
177319,706470,applicant,Centre Infectious Disease Research Zambia CIDRZ,Lusaka,249588
160374,655439,applicant,Public Health Foundation of India,Vasant Kunj New Delhi,243804
183759,655439,applicant,Public Health Foundation of India,Vasant Kunj New Delhi,243804
171175,690442,applicant,Copperbelt University Deg Hammarskjöld Institute for Peace Studies,Kitwe,239716
147286,617327,applicant,Centre de Recherche en Santé de Nouna,"Nouna, Kossi",239730
177319,706471,applicant,Centre Infectious Disease Research Zambia CIDRZ,Lusaka,249588
193980,784192,employee,NA,NA,NA
177582,749392,applicant,Centre Régional de Recherche Agronomique Institut d'Economie Rurale (IER),Sikasso,241698
152017,545272,applicant,Professur für Nachhaltige Agrarökosysteme Institut für Agrarwissenschaften ETH Zürich,Zürich,241905
177584,545272,applicant,Professur für Nachhaltige Agrarökosysteme Institut für Agrarwissenschaften ETH Zürich,Zürich,241905
147286,66861,applicant,Swiss Tropical and Public Health Institute Medical Services and Diagnostic Universität Basel,Basel,228591
177515,599769,responsible_applicant,Institut Umwelt und Natürliche Ressourcen ZHAW,Wädenswil,231915
177474,706756,applicant,Research Center of Astronomy and Geophysics Institute of Geophysics Mongolian Academy of Sciences,Ulaanbaatar - 51,249672
160366,630669,applicant,Graduate Institute of International and Deve Global Health Programme Maison de la paix,Genève,246127
152034,630669,employee,Graduate Institute of International and Deve Global Health Programme Maison de la paix,Genève,246127
160930,617233,applicant,Lao Tropical and Public Health Institute International Program for Health in Tropics,Vientiane,253033
152154,634433,applicant,Institit du Développement Rural Université Polytechnique de Bobo-Dioulasso,Bobo Dioulasso 01,241624
177583,634433,applicant,Institit du Développement Rural Université Polytechnique de Bobo-Dioulasso,Bobo Dioulasso 01,241624
152154,634433,applicant,Institut de Développement Rural Université Polytechnique de Bobo-Dioulass,Bobo-Dioulasso,241624
177583,634433,applicant,Institut de Développement Rural Université Polytechnique de Bobo-Dioulass,Bobo-Dioulasso,241624
169461,754059,employee,NA,NA,NA
177582,644841,employee,NA,NA,NA
152224,663704,employee,Forschungsinstitut für biologischen Landbau (FiBL),Frick,1081
177582,663704,employee,Forschungsinstitut für biologischen Landbau (FiBL),Frick,1081
177582,533551,employee,Institut für Angewandte Medienwissenschaften Zürcher Hochschule für Angew. Wissenschaften,Winterthur,231018
152224,672753,employee,Forschungsinstitut für biologischen Landbau (FiBL),Frick,1081
188830,683503,employee,Chair of Energy and Public Economics ETH Zurich,Zürich,253770
147278,626669,employee,Aquakultur Fachgruppe Tierwissenschaften Forschungsinstitut für biologischen Landbau,Frick,240683
171191,760835,employee,NA,NA,NA
160906,691709,employee,NA,NA,NA
160897,646005,applicant,Institut für Informatik Universität Bern Research Center for Digital Sustainability,Bern,253594
177346,706773,applicant,Estacion Experimental de Pastos Indio Hatuey,Havana,249681
160366,541759,applicant,Institute of Public Health Università della Svizzera Italiana,Lugano,256806
191762,751445,applicant,Faculty of Science Department of Zoology University of Jaffna,Jaffna,255285
194252,774096,partner,University of Peradeniya,Peradeniya,234120
177592,759076,employee,Centre for Development and Environment (CDE) Universität Bern,Bern,242779
160904,569798,employee,Forschungsinstitut für biologischen Landbau (FiBL),Frick,1081
198887,607647,applicant,Département de Médecine Université de Fribourg,Fribourg,186
190140,49769,responsible_applicant,Département de Biochimie Université de Lausanne,Epalinges,212598
177583,768046,employee,NA,NA,NA
194252,128782,partner,Group of Plant Nutrition Institute of Agricultural Sciences ETH Zurich,Lindau,242770
160373,525668,responsible_applicant,Swiss Tropical and Public Health Institute,Basel,3448
183760,525668,responsible_applicant,Swiss Tropical and Public Health Institute,Basel,3448
169470,709352,employee,NA,NA,NA
160876,661996,applicant,Golden Zaneka Public Co. Ltd.,Yangon,256886
147836,623725,applicant,Foreign Trade University,Hanoi,240201
160909,674218,applicant,Papua New Guinea PNG Institute of Medical Researh,Madang,245870
194252,704236,partner,Wasserressourcen und Trinkwasser EAWAG,Dübendorf,216418
146919,617144,applicant,Universidad de Antioquia,Medellin,239643
152034,705788,employee,NA,NA,NA
169430,683104,applicant,Hue University of Agriculture and Forestry Faculty of Forestry HUAF,Hue City,246690
194004,683104,applicant,Hue University of Agriculture and Forestry Faculty of Forestry HUAF,Hue City,246690
177584,750022,employee,NA,NA,NA
147725,651782,employee,Centre for Development and Environment University of Bern,Bern,240943
177474,716884,applicant,Research Center of Astronomy and Geophysics Institute of Geophysics Mongolian Academy of Sciences,Ulaanbaatar - 51,249672
152034,634154,applicant,"Institute of Statistical, Social and Economic Research, College of Humanities University of Ghana",Legon,246778
177591,634154,applicant,"Institute of Statistical, Social and Economic Research, College of Humanities University of Ghana",Legon,246778
160914,662168,applicant,"Environmental Impacts Group, Energy Division Center for Information Management and Energy Developmen","Miramar, Playa",244440
146777,617072,applicant,Indonesian Consortium for Religious Studies  Gadjah Mada University,Yogyakarta,239617
171176,617072,applicant,Indonesian Consortium for Religious Studies  Gadjah Mada University,Yogyakarta,239617
171177,598177,employee,Département d'économie Université de Genève,Genève 4,5945
147725,617274,applicant,Nepal Centre for Contemporary Research NCCR,Kathmandu,241595
171191,617274,applicant,Nepal Centre for Contemporary Research NCCR,Kathmandu,241595
146955,617182,applicant,Department of Philosophy and Psychology University of Peradeniya,"Dagnolla, Kandy",239665
171188,617182,applicant,Department of Philosophy and Psychology University of Peradeniya,"Dagnolla, Kandy",239665
193915,757865,applicant,Vidyasirimedhi Institute of Science and Tech School of Biomolecular Science and Engineeri,Rayong,256147
147286,114555,applicant,Swiss Tropical and Public Health Institute Department of Epidemiology and Public Health University of Basel,Basel,252930
160909,662135,applicant,Institute of Medical Research Papua New Guinea,Goroka,230503
152085,634306,applicant,Centre for Invasion Biology Department of Botany and Zoology University of Stellenbosch,Matieland,242775
160876,658019,employee,Swiss Tropical and Public Health Institute,Basel,3448
171177,715428,employee,NA,NA,NA
177322,57196,responsible_applicant,Institut de géographie et durabilité Faculté des géosciences et de l'environnemen Université de Lausanne,Lausanne,239601
147286,672999,employee,NA,NA,NA
194252,774097,partner,University of Peradeniya,Peradeniya,234120
193925,120996,responsible_applicant,Dépt Microbiologie et Médecine Moléculaire Faculté de Médecine Université de Genève,Genève 4,191
147210,571708,employee,Internationale Konfliktforschung ETH Zürich,Zürich,236390
171175,571708,employee,Internationale Konfliktforschung ETH Zürich,Zürich,236390
147286,72100,responsible_applicant,Swiss Tropical and Public Health Institute,Basel,3448
198747,513461,responsible_applicant,Service de Radio-Oncologie CHUV,Lausanne,57979
146852,139460,employee,Ökosystem Management Institut für terrestrische Ökosysteme ETHZ,Zürich,224425
169564,730969,employee,NA,NA,NA
169632,697479,employee,KOF - Konjunkturforschungsstelle ETH Zürich,Zürich,139779
194005,697479,employee,KOF - Konjunkturforschungsstelle ETH Zürich,Zürich,139779
199067,558974,responsible_applicant,Polymer Chemistry and Materials Adolphe Merkle Institute Université de Fribourg,Fribourg,231345
190277,787974,employee,NA,NA,NA
177480,759411,employee,NA,NA,NA
152167,699886,employee,NA,NA,NA
169461,634447,responsible_applicant,Swiss Tropical and Public Health Institute,Basel,3448
194003,634447,responsible_applicant,Swiss Tropical and Public Health Institute,Basel,3448
152085,634477,applicant,CABI Kenya,Nairobi,241649
177588,634477,applicant,CABI Kenya,Nairobi,241649
146875,641066,employee,NA,NA,NA
160373,110941,applicant,Swiss Tropical and Public Health Institute,Basel,3448
183760,110941,applicant,Swiss Tropical and Public Health Institute,Basel,3448
171175,690441,applicant,Université Felix Houphouet-Boigny,Abidjan,239765
193649,721543,employee,Eidg. Materialprüfungs- und Forschungsanstalt (EMPA),Dübendorf,1743
189496,679722,applicant,Terrestrial Environmental Lab School of Science Monash University Malaysia,Bandar Sunway,254529
146875,75673,applicant,Quantis Switzerland/Germany,Zürich,243072
146875,75673,applicant,Quantis Switzerland/Germany,Zürich,243072
146875,75673,employee,Quantis Switzerland/Germany,Zürich,243072
146875,75673,employee,Quantis Switzerland/Germany,Zürich,243072
152167,642780,employee,Zentrum für Entwicklung und Umwelt Universität Bern,Bern,230255
177592,642780,employee,Zentrum für Entwicklung und Umwelt Universität Bern,Bern,230255
177515,635518,applicant,Department of Selection and Fruit-Berry Cultures Research Kazakh Inst. of Horticulture & Viticulture,Almaty,250813
152154,534247,employee,Schweizerischer Nationalfonds zur Förderung der wissenschaftlichen Forschung,Bern,1447
160919,90617,responsible_applicant,Swiss Tropical and Public Health Institute Department of Epidemiology and Public Health University of Basel,Basel,252930
147725,26373,responsible_applicant,Institut für Sozialanthropologie Philosophisch-historische Fakultät Universität Bern,Bern,5425
171191,26373,responsible_applicant,Institut für Sozialanthropologie Philosophisch-historische Fakultät Universität Bern,Bern,5425
152033,704642,employee,NA,NA,NA
177319,772184,employee,Swiss TPH Universität Basel,Basel,253398
